base_size,seed_split,total_labels,delta_balanced_accuracy,delta_accuracy,delta_macro_f1,delta_mcc,delta_recall_blocked,delta_recall_assemblable,delta_roc_auc,delta_brier
1000,1,1000,0.0,0.0,0.0,0.0,0.0,0.0,0.0,0.0
1000,1,1250,-0.0020956542401520117,0.01639999999999997,0.03002531710698042,0.0483604530936006,-0.025735294117646967,0.021543985637342944,0.0003403375488436611,-0.01091975576940243
1000,1,1500,0.006524580209103403,0.0030000000000000027,0.007021878288463346,0.013859923366523197,0.011029411764705954,0.0020197486535009634,0.00048101040236558923,-0.0005359117097614476
1000,1,1750,0.0004917361917836649,-0.0020000000000000018,-0.004540427719640583,-0.008326954318178426,0.003676470588235281,-0.0026929982046679513,0.0002813457070441894,4.639445282422251e-05
1000,1,2000,-0.0007640062308584827,-0.0028000000000000247,-0.006532327298601426,-0.012271598238018155,0.0018382352941176405,-0.003366247755834828,-0.00015511141620005997,0.002234851860710981
1000,1,2250,-0.0017953321364452268,-0.0031999999999999806,-0.007590826510869508,-0.014511586582985014,0.0,-0.0035906642728904536,-0.00016501214489383909,0.0023223948480693615
1000,1,2500,0.0008069093885310075,0.0,3.901043576914898e-05,0.0001625301789328626,0.0018382352941176405,-0.0002244165170556256,6.724244904432464e-05,-0.00038029214898914216
1000,1,2750,-0.004194608723202098,-0.0046000000000000485,-0.011147165146836224,-0.02160928971182363,-0.003676470588235281,-0.004712746858168693,-0.00025494376386103745,0.002253797933147894
1000,1,3000,0.0038101304255994117,-0.00039999999999995595,-0.0007987863473908341,-0.0012435771452216082,0.009191176470588314,-0.0015709156193896012,6.724244904432464e-05,0.0003535250375168546
1000,1,3250,-0.006476726687084211,0.0013999999999999568,0.003064160872262578,0.00549648152053972,-0.016544117647058876,0.0035906642728904536,-1.5676153764965228e-05,-0.0009765153613912675
1000,1,3500,0.006968462878867876,-0.0033999999999999586,-0.007389532710182833,-0.012979863489702925,0.020220588235294157,-0.006283662477558294,0.0002004897560461405,0.0020300308143297446
1000,2,1000,0.0,0.0,0.0,0.0,0.0,0.0,0.0,0.0
1000,2,1250,0.012979855317351241,0.0030000000000000027,0.007664142714158828,0.016787304916932477,0.025735294117646967,0.0002244165170556256,0.003529197248917315,-0.003846825129706969
1000,2,1500,0.010735690146794874,-0.0010000000000000009,-0.0011174026042367613,0.00022378985687110386,0.02573529411764708,-0.0042639138240574415,0.0012194397507656607,0.00045753322542065045
1000,2,1750,0.004039497307001705,0.007199999999999984,0.01600786552664535,0.029682946850073888,0.0,0.00807899461400352,0.000900553780758262,-0.0038240883998836434
1000,2,2000,-0.0007640062308584827,-0.0028000000000000247,-0.006333131512363033,-0.0116946668151372,0.0018382352941176405,-0.003366247755834828,-0.00036013900623088624,0.0008396584881841564
1000,2,2250,-0.004125303622346532,-0.0015999999999999348,-0.004003152883210848,-0.008010942354637618,-0.007352941176470562,-0.0008976660682226134,-0.000187288784454398,0.001236873230527017
1000,2,2500,-0.004013095363818775,-0.0013999999999999568,-0.0035233047696712205,-0.007086550468582087,-0.007352941176470673,-0.0006732495511669878,-0.00017573793431191476,0.0008421586893725165
1000,2,2750,0.00197189513148166,-0.0008000000000000229,-0.001801337377944745,-0.0032331990244814923,0.005514705882352922,-0.0015709156193896012,0.00015222370366452243,0.0006013459899779135
1000,2,3000,0.0006039444503115332,-0.0018000000000000238,-0.004308767396754121,-0.008265559751232887,0.003676470588235392,-0.0024685816876122146,-0.00017120010032734,0.001462661129712284
1000,2,3250,0.001122082585278239,0.0020000000000000018,0.0048177798528283855,0.0092855754216834,0.0,0.002244165170556589,4.991617383043323e-05,-0.0015795779881703767
1000,2,3500,0.006748996726158918,0.0033999999999999586,0.008501068608529283,0.016892763457434512,0.011029411764705843,0.0024685816876122146,0.000467396900411865,-0.001948111920980997
1000,3,1000,0.0,0.0,0.0,0.0,0.0,0.0,0.0,0.0
1000,3,1250,0.010649883831449936,0.0046000000000000485,0.010551296126143361,0.02095064890150311,0.018382352941176405,0.002917414721723466,0.0012887448516210043,-0.001901597697412362
1000,3,1500,-0.00749155137818136,-0.007600000000000051,-0.017033681057982752,-0.0320689786116688,-0.007352941176470562,-0.0076301615798922695,-0.001214901916781308,0.004932212510064296
1000,3,1750,0.0003795279332559076,-0.0021999999999999797,-0.005052465374960957,-0.00936705762736767,0.003676470588235281,-0.002917414721723466,-0.0004389323054176941,0.0015692237085912098
1000,3,2000,-0.0026880478403210617,0.0024000000000000687,0.005423606653893964,0.009868652644414055,-0.009191176470588314,0.0038150807899460792,-0.00011674609251244306,-0.001488943144342567
1000,3,2250,0.0002244165170556256,0.00039999999999995595,0.0009605079493540947,0.0018494955062274832,0.0,0.0004488330341112512,-9.364439222714349e-05,-2.8467155022461783e-05
1000,3,2500,0.010981558242686762,-0.0020000000000000018,-0.004161511999189571,-0.007308318620453669,0.02757352941176472,-0.005610412926391306,-9.735716548731066e-05,0.0018428448377131356
1000,3,2750,-0.010088842538810816,-0.0035999999999999366,-0.00896966873294791,-0.018048906989954094,-0.018382352941176516,-0.0017953321364452268,-0.00031022283240056403,0.0015018654546094714
1000,3,3000,0.011724112894708982,0.0022000000000000908,0.005856043005318501,0.012041435863096028,0.023897058823529438,-0.0004488330341113622,8.745643679364257e-05,7.832561941293996e-06
1000,3,3250,0.001367950681170127,0.0010000000000000009,0.0024308487310398252,0.004745076503848145,0.0018382352941176405,0.0008976660682226134,7.0542691942177e-05,-0.0001508121457245385
1000,3,3500,0.0009405692258950271,-0.0011999999999999789,-0.0027948128021240137,-0.0052303763044438956,0.003676470588235281,-0.0017953321364452268,-0.00018275095046993428,0.0008338439662454377
1000,4,1000,0.0,0.0,0.0,0.0,0.0,0.0,0.0,0.0
1000,4,1250,-0.01515306526560356,-0.03420000000000001,-0.06361714854333611,-0.10675782810313073,0.009191176470588314,-0.03949730700179532,-0.004466466231914712,0.02608315677469095
1000,4,1500,-0.009212628049424465,-0.0006000000000000449,-0.0022415110075514333,-0.005846437543937544,-0.020220588235294046,0.0017953321364452268,-0.001569265497940453,0.0013699270938821347
1000,4,1750,-0.0036550190093991297,-0.0021999999999999797,-0.005103858325926303,-0.009869358912497517,-0.005514705882352922,-0.0017953321364452268,-9.240680114064315e-05,0.0009616588772770815
1000,4,2000,-0.0024421797444291737,0.0013999999999999568,0.0029932151655027717,0.005139772676356236,-0.007352941176470562,0.0024685816876122146,-0.0001889389059034352,-0.001013004643578095
1000,4,2250,0.0036335674305629784,0.0036000000000000476,0.008702184441431782,0.01690852407031851,0.003676470588235392,0.0035906642728905647,0.0002867086017531717,-0.0020861511057261176
1000,4,2500,0.0010527774844227844,-0.0010000000000000009,-0.002342093536259693,-0.004377862204167138,0.003676470588235281,-0.0015709156193896012,9.240680114064315e-05,-0.00014882323518526207
1000,4,2750,-0.001031325905586744,-0.00040000000000006697,-0.0009992389795931977,-0.001999755995314434,-0.0018382352941177516,-0.0002244165170556256,-0.000435219532157749,0.001606119013842759
1000,4,3000,0.0082935104023657,0.00039999999999995595,0.001335862182062053,0.0031549591917161557,0.018382352941176516,-0.0017953321364452268,0.00026401943183029797,-0.0002780009830506171
1000,4,3250,-0.0019504435526453978,-0.0006000000000000449,-0.0015282944915445684,-0.0030859239640017577,-0.003676470588235281,-0.0002244165170556256,-0.000104782712007645,0.0004987253149259935
1000,4,3500,-0.01112016844439756,-0.0040000000000000036,-0.01017302525799657,-0.020392775935136997,-0.020220588235294157,-0.0020197486535009634,-0.00037499009927133287,0.0012780418443764912
1000,5,1000,0.0,0.0,0.0,0.0,0.0,0.0,0.0,0.0
1000,5,1250,0.01016309800401305,0.013799999999999923,0.028048654830523212,0.0500751627572561,0.005514705882352922,0.014811490125673288,0.0022070374379552504,-0.007930269883224466
1000,5,1500,0.0039058374696379072,0.008399999999999963,0.017991310871971367,0.0324014794862475,-0.0018382352941176405,0.009649910233393233,9.81822262120513e-05,-0.00380852565896991
1000,5,1750,0.0005296889851093001,-0.01200000000000001,-0.02537188356766462,-0.04459813193790818,0.016544117647058876,-0.015484739676840165,-7.384293484014037e-05,0.007271731933158951
1000,5,2000,-0.001277194001478521,0.0006000000000000449,0.0012968253771880045,0.002225807236567956,-0.003676470588235281,0.001122082585278239,-9.900728693623684e-05,9.48902865870356e-05
1000,5,2250,0.0005610412926391195,0.0010000000000000009,0.002409831112409222,0.004668321186185875,0.0,0.001122082585278239,0.0001299470641039635,-0.0004627247019276413
1000,5,2500,-0.004526283134438702,0.0020000000000000018,0.0044981315719042625,0.008195786834464203,-0.012867647058823595,0.0038150807899460792,-8.415619389579021e-05,-0.0012017162728691008
1000,5,2750,-0.0036071654873798265,0.0021999999999999797,0.005141047081060557,0.009870256912013375,-0.011029411764705843,0.0038150807899460792,0.00031393560566050915,-0.0012453414848041609
1000,5,3000,-0.001704575456753732,-0.0016000000000000458,-0.00391302261766957,-0.007662863994220226,-0.0018382352941176405,-0.0015709156193896012,-0.00022771675995347795,0.0010444414014282363
1000,5,3250,0.004932213010877651,0.0015999999999999348,0.004081400260678603,0.008211295799312568,0.009191176470588314,0.0006732495511668768,0.00022524157778003318,-0.0013401128976050182
1000,5,3500,-0.0015016105185341466,0.00019999999999997797,0.0004074957671458268,0.0007017137436872156,-0.003676470588235281,0.0006732495511669878,-3.50650807899866e-05,0.00015921212520287904
1000,6,1000,0.0,0.0,0.0,0.0,0.0,0.0,0.0,0.0
1000,6,1250,0.01754409124511558,-0.009000000000000008,-0.011910094592560094,-0.011418910504253366,0.051470588235294046,-0.01638240574506289,0.0030613878181433574,0.007513025836129408
1000,6,1500,0.004295266131587261,0.02059999999999995,0.0431303134587091,0.07654848725287922,-0.016544117647058876,0.025134649910233398,0.0012998831714015058,-0.013736106830917867
1000,6,1750,0.011098716865561298,0.00539999999999996,0.012710541895786909,0.02498793362050511,0.018382352941176516,0.0038150807899461903,0.0019450806579364155,-0.0037957206774214755
1000,6,2000,-0.0016352703558981663,0.0014000000000000679,0.003091418092206366,0.005455184370520172,-0.005514705882352922,0.002244165170556589,0.0001563490072870044,-0.0013708590116615939
1000,6,2250,-0.0008069093885310075,0.0,-4.54850280314778e-05,-0.00018300266461213077,-0.0018382352941176405,0.0002244165170556256,0.00024050520118279461,-0.000734122749572708
1000,6,2500,-0.0015709156193894902,-0.0027999999999999137,-0.006641333664052063,-0.012707670959500983,0.0,-0.0031418312387792025,-0.0003609640669552938,0.0025374573928231654
1000,6,2750,0.0014108538388426517,-0.0017999999999999128,-0.0042055169029184825,-0.00791653990214114,0.005514705882353033,-0.0026929982046678402,-6.682991868200983e-05,0.001071203108013753
1000,6,3000,-0.004707796493821914,-0.0011999999999999789,-0.0030964383364205927,-0.006316588078374763,-0.009191176470588314,-0.0002244165170556256,-8.580631534482741e-05,0.0007857636585301966
1000,6,3250,-0.0011435341641145014,-0.0006000000000000449,-0.0015060273499647447,-0.0029934109205295156,-0.0018382352941176405,-0.0004488330341113622,-5.0328704192526e-05,0.0002477961636539938
1000,6,3500,-0.0025758395817933044,0.0025999999999999357,0.006172068086927496,0.011825432214034426,-0.009191176470588314,0.004039497307001816,0.0002933090875488764,-0.0020131619195665335
1000,7,1000,0.0,0.0,0.0,0.0,0.0,0.0,0.0,0.0
1000,7,1250,0.00506587284824167,0.00039999999999995595,0.0015334836356231119,0.004149759386344654,0.011029411764705843,-0.0008976660682226134,0.001011111917837093,-0.001141047623506291
1000,7,1500,-0.0038150807899461903,-0.006799999999999917,-0.014206820861882408,-0.02542803150060513,0.0,-0.0076301615798922695,-0.0005998191466891623,0.0038151146090189478
1000,7,1750,0.003884385890801534,0.009800000000000031,0.021833768687204325,0.04000989987989123,-0.003676470588235281,0.011445242369838349,-7.755570810030754e-05,-0.0036755032877381095
1000,7,2000,0.0007425546520224424,0.0042000000000000925,0.009355125784985208,0.01702552334771812,-0.003676470588235281,0.005161579892280055,-9.488198331353281e-06,-0.0029754233151850686
1000,7,2250,0.004371171718238531,0.0006000000000000449,0.0016416607631810631,0.003542411807512469,0.009191176470588314,-0.0004488330341113622,9.240680114053212e-05,-3.434311773978932e-05
1000,7,2500,-0.010222502376174836,-0.0023999999999999577,-0.006295702826807359,-0.01277854317342586,-0.020220588235294046,-0.0002244165170556256,-0.00021781603125980986,0.0010162014638947676
1000,7,2750,0.0005824928714754929,-0.00039999999999995595,-0.0009225534539059055,-0.0017007380507682024,0.0018382352941176405,-0.0006732495511668768,4.909111310591463e-05,-0.0009634123720983802
1000,7,3000,-0.0002244165170556256,-0.00039999999999995595,-0.0009825288721103664,-0.0019375021909221468,0.0,-0.0004488330341112512,-0.00011138319780323869,0.0005521171897505854
1000,7,3250,0.007016316400887179,0.0010000000000000009,0.0027284924950091716,0.005787733741091983,0.014705882352941235,-0.0006732495511669878,0.0003502382775371071,-0.001047605550016444
1000,7,3500,-0.004216060302038249,-0.0031999999999999806,-0.00784781849422267,-0.015416965505161917,-0.005514705882352922,-0.002917414721723577,-0.00011592103178792446,0.0009773683988299501
1000,8,1000,0.0,0.0,0.0,0.0,0.0,0.0,0.0,0.0
1000,8,1250,0.003120379659943051,0.007000000000000006,0.014253979067394562,0.025083605154501698,-0.0018382352941176405,0.008078994614003632,0.0005478403210477101,-0.0047019839318680826
1000,8,1500,0.005846380293589526,-0.00539999999999996,-0.010488403925067669,-0.017042770535293794,0.020220588235294046,-0.008527827648114883,0.00017780058612315575,0.003649112603463258
1000,8,1750,0.0026665962614846883,-0.0010000000000000009,-0.0020826014930912518,-0.0033995049787354237,0.007352941176470562,-0.0020197486535009634,0.0007528679110780923,-0.0005247370999796226
1000,8,2000,0.0008976660682226134,0.0016000000000000458,0.0037046888089342644,0.006983232182656951,0.0,0.0017953321364453378,0.00028134570704407835,-0.0020172433366913
1000,8,2250,0.00047028461294751356,-0.0005999999999999339,-0.0013901291477449451,-0.002582232082693592,0.0018382352941176405,-0.0008976660682226134,0.00010973307635442353,0.00028722643902847223
1000,8,2500,-0.006796850248178332,-0.007800000000000029,-0.01882911164314427,-0.0365630801238801,-0.005514705882353033,-0.008078994614003632,-0.00043563206251984177,0.003896652955039808
1000,8,2750,0.0026880478403210617,-0.0023999999999999577,-0.005585378512020789,-0.010473361531814107,0.009191176470588314,-0.0038150807899461903,-0.0001225215175837402,0.0016929364878133513
1000,8,3000,0.0037457756890908467,0.0038000000000000256,0.009342071639226734,0.01832045358439305,0.003676470588235392,0.0038150807899461903,9.323186186505072e-05,-0.0011817679670264652
1000,8,3250,-0.0010742290632590468,0.0023999999999999577,0.005654760347413967,0.010647318411754925,-0.005514705882352922,0.003366247755834828,-0.0002726825694370216,-0.00044486045369607295
1000,8,3500,0.0030246726159046666,-0.0018000000000000238,-0.004133984332958418,-0.007656598369145118,0.009191176470588314,-0.0031418312387790914,-0.00018605119336778664,0.0018872529114200868
1500,1,1500,0.0,0.0,0.0,0.0,0.0,0.0,0.0,0.0
1500,1,1750,-0.001031325905586744,-0.00039999999999995595,-0.0009302866445723978,-0.0018725473377775304,-0.0018382352941176405,-0.0002244165170556256,-0.000987185156827497,0.0024015867629379704
1500,1,2000,0.0029339159362128386,-0.0033999999999999586,-0.006884771616170182,-0.011385733144627874,0.011029411764705843,-0.005161579892280055,0.0004665718396873464,0.0023876021786564203
1500,1,2250,0.0007854578096947451,0.0013999999999999568,0.003102080896309478,0.005675195305710146,0.0,0.0015709156193896012,5.548533372046194e-05,-0.00043690376348191895
1500,1,2500,0.00055609092829223,-0.006199999999999983,-0.013954265230519458,-0.025449967778368943,0.009191176470588203,-0.008078994614003632,-0.00037003973492455433,0.00518606980139707
1500,1,2750,0.0013894022600063893,-0.00039999999999995595,-0.0008942752918820185,-0.0015603934850322299,0.003676470588235281,-0.0008976660682226134,-8.250607244852937e-06,0.0008685591057084911
1500,1,3000,-0.0033876993346709794,-0.0045999999999999375,-0.010925335398683789,-0.0209512029389729,-0.0018382352941176405,-0.004937163375224429,-0.0003118729538493792,0.0027637484301581373
1500,1,3250,0.0048843594888583475,-0.0027999999999999137,-0.006258484954410282,-0.011179117751182854,0.014705882352941235,-0.004937163375224429,4.2078096947895105e-05,0.001969026574088208
1500,1,3500,0.005514705882353033,0.0011999999999999789,0.003117459112361276,0.006482060632693631,0.011029411764705954,0.0,0.0002648444925545945,-0.000458686239283238
1500,2,1500,0.0,0.0,0.0,0.0,0.0,0.0,0.0,0.0
1500,2,1750,0.004044447671348594,0.01440000000000008,0.028166013247751476,0.04797170204560097,-0.009191176470588314,0.017280071813285502,0.0012520296493823135,-0.009130719599433217
1500,2,2000,-0.0026022415249762343,-0.0031999999999999806,-0.007015681207767299,-0.012958609024024792,-0.0018382352941176405,-0.003366247755834828,-0.0008007214330973955,0.003251885195496681
1500,2,2250,0.0004917361917837759,-0.0020000000000000018,-0.004441622483072449,-0.007979521371777487,0.003676470588235281,-0.0026929982046678402,0.0003551886418841077,-0.0005020590223479646
1500,2,2500,0.0032969426549793734,0.0030000000000000027,0.007115331009906134,0.013681958456497445,0.003676470588235281,0.002917414721723466,0.0004339819410709156,-0.002334695154588187
1500,2,2750,-0.0022870683282288917,-0.0011999999999999789,-0.0029262911343507225,-0.0057650852254346185,-0.003676470588235281,-0.0008976660682226134,-4.867858274382186e-05,8.135199150957617e-05
1500,2,3000,-0.01405408438061051,-0.0006000000000000449,-0.0021722100348990914,-0.005126383770059473,-0.03125,0.0031418312387792025,-0.0003452879131903286,0.00019335394365333197
1500,2,3250,-0.006925559721195462,0.0006000000000000449,0.0010332086096613846,0.0013547014353680886,-0.016544117647058876,0.0026929982046678402,-0.0003098103020381382,0.00028854832963416937
1500,2,3500,-0.005648365719716941,0.0,-0.0002760940745321072,-0.000939076800177574,-0.012867647058823595,0.0015709156193896012,-0.000189351436265639,0.0004474931993574561
1500,3,1500,0.0,0.0,0.0,0.0,0.0,0.0,0.0,0.0
1500,3,1750,0.006037794381666406,0.012199999999999989,0.02384173535204237,0.04095070409931201,-0.0018382352941176405,0.013913824057450563,0.0022957314658358374,-0.009705837533322565
1500,3,2000,-0.0025378867884675582,-0.007399999999999962,-0.0158666067101082,-0.028351186537662554,0.003676470588235281,-0.008752244165170509,0.0002867086017531717,0.004294041199710264
1500,3,2250,0.0016402207202450558,0.005799999999999916,0.013088002040309465,0.024100325831004077,-0.003676470588235281,0.006956912028725393,0.0005020494508396478,-0.0032465663040591904
1500,3,2500,0.00035807635441975627,-0.0008000000000000229,-0.0018295986938032804,-0.003355696671123898,0.0018382352941176405,-0.001122082585278239,4.3728218396821283e-05,-0.0002049701492166118
1500,3,2750,-0.000155111416200171,0.0025999999999999357,0.005915311945582036,0.01084933028923929,-0.003676470588235281,0.003366247755834828,-2.0213987749539974e-05,-0.0017764009471303768
1500,3,3000,0.0056962192417362445,0.0044000000000000705,0.010678064778268381,0.020852826564455862,0.007352941176470673,0.004039497307001816,0.0007788573238991514,-0.0036452827719187734
1500,3,3250,-0.00013365983736401965,0.0011999999999999789,0.0028044712763193314,0.005271545201555372,-0.0018382352941176405,0.0015709156193896012,8.580631534471639e-05,-0.0011602031927664038
1500,3,3500,0.00013365983736401965,-0.0011999999999999789,-0.00285120764850888,-0.00545594454078846,0.0018382352941176405,-0.0015709156193896012,-3.919038441224654e-05,0.0005743204387505894
1500,4,1500,0.0,0.0,0.0,0.0,0.0,0.0,0.0,0.0
1500,4,1750,-0.001458707360861622,-0.0025999999999999357,-0.0052409046440711204,-0.009193431476140268,0.0,-0.002917414721723466,-0.0014331304784035437,0.0033380126283906776
1500,4,2000,0.017852663956067216,0.016000000000000014,0.0357868475924954,0.06735905743783299,0.020220588235294157,0.015484739676840276,0.0020758527827650086,-0.00862228768046609
1500,4,2250,-0.007849627732601228,-0.006800000000000028,-0.015535802730564985,-0.029422066214424558,-0.009191176470588203,-0.0065080789946140305,-0.0009702714119758094,0.004300381962020759
1500,4,2500,0.0006039444503116442,-0.0018000000000000238,-0.004068687298503293,-0.007403614288085225,0.003676470588235281,-0.0024685816876122146,-7.178028302889938e-05,0.0015525720768423262
1500,4,2750,0.00493221301087754,0.0015999999999999348,0.004004888927003458,0.008111884681837878,0.009191176470588203,0.0006732495511669878,0.00019512686133693613,-0.0009518365447883249
1500,4,3000,0.0008069093885310075,0.0,4.1083399919705776e-05,0.00017139681403322005,0.0018382352941176405,-0.0002244165170556256,7.549305628895553e-05,0.0001609163133801713
1500,4,3250,0.0018596868729537919,-0.0010000000000000009,-0.0023344224258202706,-0.004359736875616638,0.005514705882352922,-0.0017953321364452268,-0.00012417163903255535,0.001192658727840792
1500,4,3500,-0.0005395897138028571,-0.0023999999999999577,-0.00557143707764407,-0.010450744076832441,0.0018382352941176405,-0.002917414721723466,-0.0007627686397717603,0.002986001721645969
1500,5,1500,0.0,0.0,0.0,0.0,0.0,0.0,0.0,0.0
1500,5,1750,0.004029596578308148,-0.007199999999999984,-0.013470366212413487,-0.02130690954111991,0.018382352941176516,-0.01032315978456011,0.00012252151758362917,0.005111927024671031
1500,5,2000,-0.008897454852677122,0.0014000000000000679,0.0018320186828805207,0.0008646659775788379,-0.022058823529411797,0.0042639138240574415,-0.0011472469373746685,-0.0009633254356447088
1500,5,2250,0.0029603178793958795,0.0023999999999999577,0.005515967391758192,0.010496507585898929,0.003676470588235281,0.002244165170556589,0.0003349746541344567,-0.0011321448322022323
1500,5,2500,-0.0007854578096947451,-0.0013999999999999568,-0.0032029929602028773,-0.005964151754965563,0.0,-0.0015709156193896012,-0.00020337746858167804,0.0005844933255643465
1500,5,2750,0.005514705882352922,0.0011999999999999789,0.003111689777564486,0.006495606200236703,0.011029411764705843,0.0,0.0004257313338261737,-0.0006095092606174229
1500,5,3000,0.0027788045200126676,-0.0008000000000000229,-0.001767794060489547,-0.0030609943644029913,0.007352941176470562,-0.0017953321364452268,3.300242897874561e-05,0.0007203850394090355
1500,5,3250,-0.002217763227373548,0.0018000000000000238,0.004014377150442394,0.007149081417094472,-0.007352941176470562,0.002917414721723466,-6.559232759528744e-05,-0.001075851142409866
1500,5,3500,-0.00015511141620028202,0.0025999999999999357,0.006095858573993862,0.011481628987858983,-0.003676470588235281,0.003366247755834828,3.630267187659797e-05,-0.0010423156898754305
1500,6,1500,0.0,0.0,0.0,0.0,0.0,0.0,0.0,0.0
1500,6,1750,-0.004258963459710552,-0.00039999999999995595,-0.0013698063923348602,-0.003611679886890151,-0.009191176470588314,0.0006732495511669878,-0.0006414847132748536,0.0004339804592388592
1500,6,2000,-0.00044388266976436164,0.006399999999999961,0.013519193207482627,0.023650597628444125,-0.009191176470588203,0.008303411131059257,0.00046904702186079117,-0.004421556573674662
1500,6,2250,0.00019801457387269572,-0.00539999999999996,-0.011918596889965438,-0.021454921872664845,0.007352941176470562,-0.006956912028725393,0.00033373706304795636,0.0026430555326430495
1500,6,2500,-0.0006303463934945741,-0.0040000000000000036,-0.009044801511769451,-0.01659295175950004,0.003676470588235281,-0.004937163375224429,-4.2078096947895105e-05,0.0023220689429248095
1500,6,2750,-0.0014801589396978843,-0.0011999999999999789,-0.002894235023698677,-0.005612467551711964,-0.0018382352941176405,-0.001122082585278239,-4.950364346822944e-05,0.0005865642782931666
1500,6,3000,-0.007823225789418187,-0.0010000000000000009,-0.002773308825334997,-0.006026454271415682,-0.016544117647058876,0.0008976660682226134,-0.00027103244798809545,0.0005490499779040202
1500,6,3250,0.001971895131481549,-0.0008000000000000229,-0.0018081970185521712,-0.00332420039950021,0.005514705882352922,-0.0015709156193896012,2.0626518111299674e-06,0.0004506341219664197
1500,6,3500,-0.0009884227479142194,-0.0031999999999999806,-0.007517586220410877,-0.01422426142405675,0.0018382352941176405,-0.0038150807899460792,-5.81667810749531e-05,0.0015559449026819657
1500,7,1500,0.0,0.0,0.0,0.0,0.0,0.0,0.0,0.0
1500,7,1750,-0.0022227135917204377,-0.005400000000000071,-0.009974191082271044,-0.01655591404352963,0.0018382352941176405,-0.006283662477558405,-0.0008328988013518446,0.004225439329028014
1500,7,2000,0.000811859752877897,0.007199999999999984,0.01529920837001153,0.027041397436274872,-0.007352941176470562,0.008976660682226245,0.000136960080261872,-0.004296113135506034
1500,7,2250,-0.0019289919738092465,-0.0020000000000000018,-0.0047009810138738395,-0.008971079187500064,-0.0018382352941176405,-0.0020197486535008524,-0.00021327819727534614,0.0015566707193087857
1500,7,2500,0.0046384913929665705,-0.0018000000000000238,-0.00387964975087296,-0.006653862655214504,0.012867647058823595,-0.0035906642728904536,0.00019017649699026862,0.0013936734689935244
1500,7,2750,-0.0005395897138029682,-0.0023999999999999577,-0.005662739070579015,-0.010747352757903172,0.0018382352941176405,-0.002917414721723577,-0.00012623429084401838,0.001926716641284668
1500,7,3000,0.010468370472066835,0.0014000000000000679,0.0038645537532728813,0.008178338594637569,0.022058823529411797,-0.001122082585278239,0.00040097951209217,-0.0006890558054490625
1500,7,3250,-0.004258963459710663,-0.00040000000000006697,-0.0011487530417206848,-0.0025903290000944823,-0.009191176470588203,0.0006732495511669878,-0.0002318420635758489,7.877838236954038e-05
1500,7,3500,-0.004734198437005066,-0.007000000000000006,-0.016801588914033716,-0.0323669916689977,-0.0018382352941176405,-0.0076301615798922695,-0.0005507280335832476,0.00394002918639259
1500,8,1500,0.0,0.0,0.0,0.0,0.0,0.0,0.0,0.0
1500,8,1750,-0.00943704456647998,-0.0010000000000000009,-0.003218993005341342,-0.008293445201429717,-0.020220588235294157,0.0013464991023339756,-0.0011835496092513775,0.00042942135586960736
1500,8,2000,0.021006046044989013,0.005799999999999916,0.014729340338942798,0.03041797623549347,0.040441176470588314,0.0015709156193896012,0.0020535761432040056,-0.002543274087197919
1500,8,2250,0.003163282817615354,0.0041999999999999815,0.009591184894980453,0.017946260871663955,0.0018382352941176405,0.004488330341113067,0.00037705275108246283,-0.002446291536790355
1500,8,2500,-0.0046648933361495,-0.0040000000000000036,-0.009441335953448649,-0.01812384819232149,-0.005514705882352922,-0.0038150807899460792,-0.00010478271200753397,0.0013723147561361428
1500,8,2750,0.0035428107508712614,0.0020000000000000018,0.004837556503520357,0.00948797714141747,0.005514705882352922,0.0015709156193896012,0.00011097066744114592,-0.00101396837072012
1500,8,3000,0.001277194001478521,-0.0005999999999999339,-0.001347371021949928,-0.0024109016985526255,0.003676470588235281,-0.001122082585278239,0.0002062651811172156,-0.0002914410058694845
1500,8,3250,-0.014144841060302005,-0.0021999999999999797,-0.006027608935146311,-0.012606901241170365,-0.02941176470588236,0.001122082585278239,-0.0006460225472595393,0.0015406217943545082
1500,8,3500,-0.008923856795860274,-0.0043999999999999595,-0.01079738547901854,-0.021357121560083847,-0.014705882352941235,-0.0031418312387792025,-0.00036220165804212723,0.0025658279301055643
2000,1,2000,0.0,0.0,0.0,0.0,0.0,0.0,0.0,0.0
2000,1,2250,-0.0059470377019748,-0.010599999999999943,-0.021557906221861267,-0.038120179583363445,0.0,-0.011894075403949711,-0.002260253854683647,0.006145288031609852
2000,1,2500,0.0019025900306263166,-0.0038000000000000256,-0.00837802804038501,-0.014932953226889811,0.009191176470588203,-0.0053859964093356805,5.899184179958272e-05,0.0017369477280763119
2000,1,2750,0.00016006178054706055,0.0045999999999999375,0.010253128167543646,0.018620515015189798,-0.005514705882352922,0.005834829443447043,-5.074123455506285e-05,-0.002524322847126932
2000,1,3000,-0.0028695611997042736,-0.0008000000000000229,-0.0020318433713677475,-0.004156093931689142,-0.005514705882352922,-0.0002244165170556256,-0.000515662952793261,0.001120180505242492
2000,1,3250,-0.0025593383673039316,-0.006000000000000005,-0.013943868501084977,-0.026198023306695406,0.0018382352941176405,-0.006956912028725282,-0.000207502772204049,0.0033560218727291084
2000,1,3500,0.003136880874432313,-0.0016000000000000458,-0.0035905768155184425,-0.006372908602289007,0.009191176470588203,-0.002917414721723577,8.539378498262362e-05,0.00048333893870674237
2000,2,2000,0.0,0.0,0.0,0.0,0.0,0.0,0.0,0.0
2000,2,2250,-0.0033233445981624143,-0.00880000000000003,-0.018515828100276854,-0.03302902148217213,0.003676470588235281,-0.01032315978456011,-0.0010903177473862158,0.005562414195034348
2000,2,2500,0.0007805074453479666,-0.005800000000000027,-0.012665599954286177,-0.02266334450154328,0.009191176470588203,-0.0076301615798922695,1.6913744851576595e-05,0.0034408659691239508
2000,2,2750,0.0026929982046678402,0.0048000000000000265,0.010705753485415248,0.01965732054684799,0.0,0.0053859964093357915,0.00040881758897448606,-0.002710189276817645
2000,2,3000,0.004280415038546814,-0.0010000000000000009,-0.0020104908711975344,-0.0031009524522638277,0.011029411764705843,-0.0024685816876122146,0.00028217076776859695,0.001091345214970547
2000,2,3250,0.0013250475234976022,0.0037999999999999146,0.008885995415267134,0.016773415860548924,-0.0018382352941176405,0.004488330341113067,-1.8976396662706563e-05,-0.0015936734557323844
2000,2,3500,-0.0057869759214278504,-0.006000000000000005,-0.014359577601247064,-0.02772206528207255,-0.005514705882352922,-0.006059245960502668,-0.0004500706251979736,0.0029762105094930423
2000,3,2000,0.0,0.0,0.0,0.0,0.0,0.0,0.0,0.0
2000,3,2250,-0.003249089132960181,0.0014000000000000679,0.0025248331132394775,0.0035993363124230404,-0.009191176470588314,0.0026929982046678402,-0.0003754026296336477,-0.0013627299033716414
2000,3,2500,-0.005338142887316488,-0.005199999999999982,-0.011842255266289459,-0.02236624759866479,-0.005514705882353033,-0.005161579892280055,-0.001113831978033497,0.003636654279109721
2000,3,2750,-0.004306816981729744,-0.0048000000000000265,-0.011133335468960226,-0.021087670066839315,-0.003676470588235281,-0.004937163375224429,-0.0004067549371633561,0.0027334835378562284
2000,3,3000,0.0026929982046679513,0.0048000000000000265,0.01108421431344686,0.020824528892959826,0.0,0.0053859964093356805,0.0002508184602386665,-0.002714601514231191
2000,3,3250,0.000310222832400453,-0.005199999999999982,-0.011879264561602487,-0.021883877002889962,0.007352941176470562,-0.006732495511669656,0.00011839621396136923,0.0025050989836269914
2000,3,3500,0.006813351462667705,-0.0007999999999999119,-0.001483903958432231,-0.002032069011311255,0.016544117647058876,-0.002917414721723466,1.526362340276144e-05,0.0018710208999276282
2000,4,2000,0.0,0.0,0.0,0.0,0.0,0.0,0.0,0.0
2000,4,2250,-0.0027309509979933644,0.005199999999999982,0.009768778378021037,0.015370098623240347,-0.012867647058823484,0.007405745062836644,1.0725789418186693e-05,-0.006213026348088919
2000,4,2500,-0.003008171401415183,-0.006800000000000028,-0.014535305557176303,-0.026053582358827376,0.0018382352941176405,-0.007854578096947895,-7.796823846228929e-05,0.003056082600843236
2000,4,2750,-0.00031517319674734257,-0.0020000000000000018,-0.004475188402721875,-0.008149283906025095,0.0018382352941176405,-0.0024685816876122146,0.0005647540658991757,-0.00015791766124278496
2000,4,3000,0.0005610412926391195,0.0010000000000000009,0.0022447523067991026,0.004135960882281409,0.0,0.001122082585278239,0.00042985663744854463,-0.0020378359260187426
2000,4,3250,0.0031797840321048376,-0.0043999999999999595,-0.00995351560554103,-0.01815202394077131,0.012867647058823595,-0.0065080789946139195,0.0002343172457494047,0.0019657664077586505
2000,4,3500,0.0023778250079204977,0.0027999999999999137,0.00658939218846355,0.012601311029855289,0.0018382352941176405,0.002917414721723577,0.00020915289365297518,-0.0016333244311941431
2000,5,2000,0.0,0.0,0.0,0.0,0.0,0.0,0.0,0.0
2000,5,2250,-4.785352201919224e-05,-0.0043999999999999595,-0.00916122989095114,-0.015995420503280733,0.005514705882353033,-0.005610412926391417,-0.0006212707255254246,0.0036016682995993303
2000,5,2500,0.004590637870947267,-0.006199999999999983,-0.012337017966799313,-0.020315324452182315,0.018382352941176516,-0.00920107719928187,-0.00047894775055445926,0.005434254960016847
2000,5,2750,0.0034619547998733236,0.014800000000000035,0.03215920947109463,0.05783262385286381,-0.011029411764705843,0.01795332136445249,0.0007066645105078262,-0.009166706489547174
2000,5,3000,0.00024586809589188796,-0.0010000000000000009,-0.002253415692035965,-0.004087736456970914,0.0018382352941176405,-0.0013464991023339756,0.00012623429084390736,0.0011098158724477374
2000,5,3250,-0.0013464991023339756,-0.0023999999999999577,-0.005541712907374707,-0.010410480601770189,0.0,-0.0026929982046679513,-0.00021616590981088368,0.0007917413751005967
2000,5,3500,0.002308519907065154,-0.00019999999999997797,-0.000337974370984373,-0.0003802218203383667,0.005514705882352922,-0.0008976660682226134,0.00013572248917526064,0.00010162680929343484
2000,6,2000,0.0,0.0,0.0,0.0,0.0,0.0,0.0,0.0
2000,6,2250,-0.0015016105185341466,0.00019999999999997797,0.00016673271994427363,-0.0002482440702117339,-0.003676470588235281,0.0006732495511669878,-0.0006550982152285778,0.0004132816826874254
2000,6,2500,-0.005514705882352922,-0.0011999999999999789,-0.0030916528166249346,-0.006626130086469506,-0.011029411764705843,0.0,-0.0009768718977718471,0.001213361718957029
2000,6,2750,0.004285365402893593,0.006199999999999983,0.01370125227329999,0.025185776660605508,0.0018382352941176405,0.006732495511669656,0.00035725129369523767,-0.0031783700556820334
2000,6,3000,-0.0010098743267504817,-0.0017999999999999128,-0.004159773032000658,-0.007810959250708072,0.0,-0.0020197486535008524,-0.00011922127468566579,0.001448266917320933
2000,6,3250,-0.0018811384517900542,0.0023999999999999577,0.005460617793055622,0.009922672689283707,-0.007352941176470562,0.0035906642728904536,-0.00013530995881305685,-0.000812785198450322
2000,6,3500,0.001057727848769785,0.006199999999999983,0.014403209815651685,0.027083417867038273,-0.005514705882352922,0.0076301615798922695,0.0005028745115639444,-0.004458118962712154
2000,7,2000,0.0,0.0,0.0,0.0,0.0,0.0,0.0,0.0
2000,7,2250,-0.0012392412081527748,-0.009399999999999964,-0.0182734148329311,-0.03076164079513566,0.009191176470588314,-0.011669658886894085,-3.217736825422701e-05,0.004854310390607592
2000,7,2500,-0.009196126834935092,-0.009200000000000097,-0.01980353009526503,-0.03642417290694522,-0.009191176470588203,-0.00920107719928187,-0.0009500574242264914,0.004847695015379568
2000,7,2750,0.00011220825852775729,0.000200000000000089,0.00043134468414440796,0.000777800907471482,0.0,0.0002244165170556256,-4.909111310591463e-05,-3.55505326383454e-05
2000,7,3000,-0.0022656167493927404,-0.0026000000000000467,-0.006008711591646065,-0.011334850166131005,-0.0018382352941176405,-0.0026929982046678402,-0.00047894775055434824,0.0019070159657296071
2000,7,3250,0.0012342908438061073,0.0021999999999999797,0.005138187623814128,0.009697861475789993,0.0,0.0024685816876121036,0.00019636445242388056,-0.002289025446305196
2000,7,3500,-0.00013365983736401965,0.0011999999999999789,0.002825757599458023,0.005332007160625873,-0.0018382352941176405,0.0015709156193896012,-0.00030898524131384164,0.00029476904056892697
2000,8,2000,0.0,0.0,0.0,0.0,0.0,0.0,0.0,0.0
2000,8,2250,-0.004531233498785592,-0.005199999999999982,-0.010915591749128595,-0.01972187894165922,-0.003676470588235281,-0.0053859964093357915,-0.001128270540711851,0.0038696094980997416
2000,8,2500,0.0012986455803146724,-0.0020000000000000018,-0.004224307874625799,-0.007255103429865684,0.005514705882352922,-0.002917414721723466,5.362894708982324e-06,0.0009367960376959212
2000,8,2750,-0.0010527774844228954,0.0010000000000000009,0.002173849586780796,0.003777527193835395,-0.003676470588235281,0.0015709156193896012,-2.8052064631856055e-05,-0.0009879155311403529
2000,8,3000,0.002062651811173266,0.0008000000000000229,0.0019710873030046594,0.003947317871949241,0.003676470588235281,0.0004488330341112512,7.260534375330696e-05,-0.0003215547032277121
2000,8,3250,-0.012328057345020627,-0.00039999999999995595,-0.0016431634182156873,-0.0043896356659041125,-0.02757352941176472,0.002917414721723577,-0.000505762224099704,0.0005174370222131904
2000,8,3500,-0.0017260270355897722,-0.00019999999999997797,-0.0005657216221846006,-0.0012738847228562777,-0.003676470588235281,0.00022441651705573662,-8.126848136014164e-05,0.00027924470388952446
2500,1,2500,0.0,0.0,0.0,0.0,0.0,0.0,0.0,0.0
2500,1,2750,-0.0035906642728905647,-0.006399999999999961,-0.012720854331809472,-0.022073296772773032,0.0,-0.007181328545781018,-0.0010127620392860193,0.004404219528898211
2500,1,3000,-0.008111997042982377,0.0028000000000000247,0.0053324503325892225,0.008033267954109524,-0.022058823529411797,0.005834829443447043,-0.000278045464146226,-0.001410069021046836
2500,1,3250,-0.0049751161685500644,0.0011999999999999789,0.002184364518425852,0.0029051355806902768,-0.012867647058823484,0.002917414721723466,-0.0008126848136023046,-0.0004577677457498052
2500,1,3500,0.005092274791424711,0.006199999999999983,0.014417453180266326,0.027262567031689944,0.003676470588235281,0.0065080789946140305,2.0626518111743763e-05,-0.0027408912780354042
2500,2,2500,0.0,0.0,0.0,0.0,0.0,0.0,0.0,0.0
2500,2,2750,0.0006732495511668768,0.0012000000000000899,0.002538010254595102,0.004544852016552303,0.0,0.0013464991023338646,0.00012788441229294456,-0.001090142091136434
2500,2,3000,0.0004488330341112512,0.0008000000000000229,0.0016832618476306793,0.0030011926349081675,0.0,0.0008976660682226134,0.00036220165804223825,-0.0020129554037313507
2500,2,3250,-0.006925559721195573,0.0005999999999999339,0.0008766952822757412,0.0006023083896807835,-0.016544117647058876,0.0026929982046678402,-0.0007223406642729024,0.0005463521547239506
2500,2,3500,0.0008069093885310075,0.0,7.083621008074914e-05,0.00030130918982662624,0.0018382352941176405,-0.0002244165170556256,2.9289655718689467e-05,0.00023992038252221293
2500,3,2500,0.0,0.0,0.0,0.0,0.0,0.0,0.0,0.0
2500,3,2750,-0.0021583588552116506,-0.009600000000000053,-0.018754555108530635,-0.03159862285671877,0.007352941176470562,-0.011669658886894085,-0.00014232297497085433,0.006676538589289075
2500,3,3000,-0.008298460766712479,-0.007600000000000051,-0.016900223506747247,-0.0315932067523057,-0.009191176470588203,-0.007405745062836644,-0.001541213433308708,0.005300508484566192
2500,3,3250,0.001768930193262186,-0.0026000000000000467,-0.005586409422603467,-0.009749607910913505,0.007352941176470562,-0.0038150807899461903,9.240680114053212e-05,0.0009509076081153228
2500,3,3500,-0.003366247755834828,-0.006000000000000005,-0.013558901932508749,-0.025077385736006597,0.0,-0.006732495511669656,-0.00024958086915205513,0.0027479964452617224
2500,4,2500,0.0,0.0,0.0,0.0,0.0,0.0,0.0,0.0
2500,4,2750,0.007517953321364401,0.013399999999999967,0.025691721045100424,0.043749624274643906,0.0,0.015035906642728913,0.0003551886418839967,-0.009609274846269264
2500,4,3000,-0.009907329179427604,-0.00039999999999995595,-0.002034484024911798,-0.0062735705862571045,-0.022058823529411797,0.002244165170556589,-0.0015408009029465042,0.00043557663955380577
2500,4,3250,-0.0023299714859013054,0.0015999999999999348,0.0032830001438334255,0.005394294767418262,-0.007352941176470562,0.0026929982046678402,-0.0002000772256838257,-0.0013941894207485928
2500,4,3500,-0.001148484528461391,-0.007800000000000029,-0.017388302966628078,-0.03164784166858425,0.007352941176470562,-0.009649910233393233,-0.00017078756996513622,0.004546386467982198
2500,5,2500,0.0,0.0,0.0,0.0,0.0,0.0,0.0,0.0
2500,5,2750,-0.001458707360861733,-0.0026000000000000467,-0.005247837925723475,-0.009168156848144315,0.0,-0.002917414721723466,-0.0015544144049002284,0.0018501939136726965
2500,5,3000,-0.0019025900306262056,0.0037999999999999146,0.008357010724945102,0.014893864776347687,-0.009191176470588203,0.0053859964093357915,-0.0003601390062307752,-0.0008916197863129242
2500,5,3250,-0.004376122082585199,-0.007800000000000029,-0.017063445946239653,-0.031034202017259926,0.0,-0.008752244165170509,-0.00014232297497085433,0.004069250511106822
2500,5,3500,-0.0022656167493927404,-0.0026000000000000467,-0.005857556369717631,-0.0109286706227959,-0.0018382352941176405,-0.0026929982046678402,-0.0006097198753828303,0.002149901739720888
2500,6,2500,0.0,0.0,0.0,0.0,0.0,0.0,0.0,0.0
2500,6,2750,-0.002783754884359446,-0.006399999999999961,-0.013123764242805813,-0.023066716175282553,0.0018382352941176405,-0.007405745062836644,-0.0009603706832822523,0.005102408259032583
2500,6,3000,0.0018167837152814892,0.0018000000000000238,0.0040977476060329865,0.007716764325363723,0.0018382352941176405,0.0017953321364452268,0.0002252415777801442,-0.00038898790424635697
2500,6,3250,0.00677539866934207,0.009199999999999986,0.02040194204739576,0.03758495001198636,0.003676470588235281,0.009874326750448859,0.000501636920477333,-0.00480145796160448
2500,6,3500,-0.004937163375224429,-0.00880000000000003,-0.01991873682718981,-0.03687802680606311,0.0,-0.009874326750448859,-3.0114716443097045e-05,0.004915838719436592
2500,7,2500,0.0,0.0,0.0,0.0,0.0,0.0,0.0,0.0
2500,7,2750,-0.011098716865561298,-0.005400000000000071,-0.012059927172267448,-0.02358485966894519,-0.018382352941176516,-0.0038150807899460792,-0.0021204060618861265,0.002913420722725997
2500,7,3000,0.013605251346499148,-0.000200000000000089,0.0010604871629922297,0.005076469343118339,0.03125,-0.004039497307001816,0.0012809067747386882,0.0007107257429147355
2500,7,3250,-0.003008171401415183,-0.006800000000000028,-0.014974349150671085,-0.027244221724109896,0.0018382352941176405,-0.007854578096948006,-6.600485795749123e-05,0.0031670226352107193
2500,7,3500,0.003793629211109928,0.008199999999999985,0.018498185752106266,0.03411307631276772,-0.0018382352941176405,0.009425493716337496,0.00015304876438904103,-0.0042234502004739865
2500,8,2500,0.0,0.0,0.0,0.0,0.0,0.0,0.0,0.0
2500,8,2750,0.0019025900306263166,-0.0038000000000000256,-0.007403165068435857,-0.01204930645269331,0.009191176470588203,-0.0053859964093356805,-0.00013200971591509347,0.0021453229236417896
2500,8,3000,0.006278712113211515,0.0040000000000000036,0.008948853855167527,0.017074541136106847,0.009191176470588203,0.003366247755834828,0.00039437902629646526,-0.0012165993601011907
2500,8,3250,0.0044190252402577235,0.0050000000000000044,0.011262736217168001,0.02099980528540335,0.003676470588235281,0.005161579892280055,1.7326275213891407e-05,-0.0022257366128024727
2500,8,3500,-0.0035906642728904536,-0.006399999999999961,-0.0145233352472518,-0.02697152381648349,0.0,-0.007181328545780907,-0.0003452879131903286,0.003463188509998133
250,1,250,0.0,0.0,0.0,0.0,0.0,0.0,0.0,0.0
250,1,500,-0.02685737670292543,-0.007600000000000051,-0.019024487504100573,-0.040044019734403746,-0.05147058823529416,-0.002244165170556478,-0.006498178265920362,0.004344456361020446
250,1,750,-0.0059156853944449805,0.0024000000000000687,0.004047026709512402,0.005408027839157503,-0.016544117647058765,0.004712746858168804,-0.0009360313919104524,-0.002020493224451716
250,1,1000,-0.007935434047945944,-0.0011999999999999789,-0.0033337914644889777,-0.007254491479504854,-0.016544117647058765,0.0006732495511669878,-0.00035147586862405156,0.00025294690494614275
250,1,1250,-0.00127719400147841,0.0006000000000000449,0.0013857557484899807,0.0025939724059450553,-0.003676470588235281,0.001122082585278239,4.414074875902507e-05,-0.0010263162025910648
250,1,1500,-0.0004488330341113622,-0.0008000000000000229,-0.0019327725536258944,-0.0037388974218599547,0.0,-0.0008976660682227244,0.0001221089872215364,-1.2177430035950794e-05
250,1,1750,0.00815985056500157,0.0016000000000000458,0.004255137847989365,0.008678331475902468,0.016544117647058765,-0.00022441651705573662,0.00021410325799986474,-0.0006715559681177751
250,1,2000,0.004504831555602551,-0.0006000000000000449,-0.0012225565537800076,-0.001984922604859718,0.011029411764705954,-0.0020197486535008524,-5.940437216167549e-05,0.0013098152044757972
250,1,2250,0.00047028461294740254,-0.0006000000000000449,-0.0014037610532122713,-0.0026510176984978484,0.0018382352941176405,-0.0008976660682226134,-0.0003770527510822408,0.0018186465424723094
250,1,2500,-0.002153408490864983,-0.0023999999999999577,-0.005840716116686351,-0.011383177470925654,-0.0018382352941177516,-0.0024685816876122146,-0.00047152220403423595,0.0026270136271350497
250,1,2750,0.00546685236033384,-0.0031999999999999806,-0.007535270372562075,-0.014416094949060931,0.016544117647058876,-0.005610412926391417,-0.00011839621396136923,0.0016283938414118392
250,1,3000,0.0005610412926391195,0.0010000000000000009,0.0024165597654566273,0.004707962434202573,0.0,0.00112208258527835,0.00018357601119445288,-0.0007149625595902608
250,1,3250,-0.008405718660893458,-0.0006000000000000449,-0.0018647621906086043,-0.004191578208333158,-0.018382352941176516,0.0015709156193896012,-0.00018192588974541568,-0.00014721489192765207
250,1,3500,-2.145157883615134e-05,0.0014000000000000679,0.0032995007096605633,0.006243862648539933,-0.0018382352941176405,0.0017953321364452268,0.00030857271095163785,-0.002173058030013975
250,2,250,0.0,0.0,0.0,0.0,0.0,0.0,0.0,0.0
250,2,500,0.0047936028091667415,-0.0044000000000000705,-0.005320634407146474,-0.00753519194693919,0.016544117647058765,-0.006956912028725393,-0.003578288362023452,0.003510110837579815
250,2,750,0.017243769141408793,0.010600000000000054,0.02296264627398359,0.043885515842555844,0.025735294117646967,0.008752244165170509,0.004862495379659992,-0.007584567879829314
250,2,1000,0.007961835991128985,0.007000000000000006,0.016153508628367952,0.030862156187968948,0.009191176470588203,0.006732495511669656,0.0009525326063999362,-0.004206834768661016
250,2,1250,0.009816572499735998,-0.0011999999999999789,-0.0021313112339539364,-0.003072648359140784,0.023897058823529438,-0.0042639138240574415,0.00020502759003071525,-7.633760173920458e-05
250,2,1500,-0.004456978033583359,0.0050000000000000044,0.01153270130491646,0.021633671517896302,-0.016544117647058876,0.0076301615798922695,0.0004306816981729522,-0.003729177947377374
250,2,1750,-0.0001815133593832119,-0.0031999999999999806,-0.007654312707450095,-0.014692899310102647,0.003676470588235392,-0.004039497307001705,-0.00017573793431202578,0.001957649101879173
250,2,2000,0.007711017530890318,0.0008000000000000229,0.0022814298044866455,0.004914055591879296,0.016544117647058876,-0.001122082585278239,0.0003494132168129216,-0.0011303704295148034
250,2,2250,0.015309826803252768,0.0014000000000000679,0.004130605296994827,0.008890378591034254,0.03308823529411764,-0.0024685816876122146,0.0002763953426971888,-0.0002640023596096868
250,2,2500,-0.00562691414088079,-0.0013999999999999568,-0.0036323511269085174,-0.007384834391526707,-0.011029411764705954,-0.00022441651705573662,-0.000312285484211583,0.001337532785701914
250,2,2750,-0.00858723202027667,-0.0038000000000000256,-0.009452629706970361,-0.018813265157022085,-0.014705882352941235,-0.0024685816876122146,-0.0003692146741999247,0.0015642519527184467
250,2,3000,0.002981769458232031,0.0010000000000000009,0.002517832423601263,0.005075656214601931,0.005514705882352922,0.0004488330341112512,3.960291477456135e-05,-0.0005418837564306308
250,2,3250,-0.0018596868729537919,0.0010000000000000009,0.0023016460092513125,0.004228686054462805,-0.005514705882352922,0.0017953321364452268,9.529451367618069e-05,-0.0005541377726252508
250,2,3500,0.0007376042876755529,-0.0030000000000000027,-0.007204072751094692,-0.014032949141870588,0.005514705882352922,-0.004039497307001816,-0.0002582440067588898,0.001269906008243193
250,3,250,0.0,0.0,0.0,0.0,0.0,0.0,0.0,0.0
250,3,500,0.0141382405745063,0.0252,0.04842164163408991,0.08901176750021778,0.0,0.02827648114901249,0.00959009333086902,-0.017553776469101348
250,3,750,0.02402081793219968,-0.010400000000000076,-0.01718418892376139,-0.024398121533979134,0.06801470588235292,-0.019973070017953343,0.001648058797127483,0.005771259187744557
250,3,1000,0.0037721776322737766,0.009600000000000053,0.021788247347873324,0.040789488100897,-0.003676470588235281,0.011220825852782834,0.0013122590822682856,-0.0074461346082645066
250,3,1250,-0.004034546942655037,0.0,-0.0001859125147730678,-0.0007362621588324902,-0.009191176470588203,0.001122082585278239,-0.00018316348083213807,0.0001177268796964193
250,3,1500,0.0003630267187665348,0.006399999999999961,0.015244534253014863,0.029308074296507614,-0.007352941176470562,0.00807899461400352,0.00044553279121339884,-0.004391051833536515
250,3,1750,0.0013894022600063893,-0.00039999999999995595,-0.0009025374862084989,-0.0016498298213609708,0.003676470588235392,-0.0008976660682226134,-0.000139022732073113,0.0007039128139727773
250,3,2000,-0.007352941176470673,-0.0015999999999999348,-0.0041956685046989906,-0.008519177068640027,-0.014705882352941235,0.0,-0.00030362234660452625,0.0014423316489606776
250,3,2250,0.015534243320308394,0.0018000000000000238,0.005042376607260035,0.010340070364611376,0.03308823529411764,-0.0020197486535009634,0.0001703750396028214,-0.0007933053877926454
250,3,2500,-0.012776890379131878,-0.0011999999999999789,-0.003600047102528481,-0.007685374872783202,-0.02757352941176472,0.0020197486535009634,-0.00033456212377236394,0.0010130272039010372
250,3,2750,0.010826446826486369,0.0005999999999999339,0.0019379554686254075,0.004270137892680714,0.023897058823529438,-0.002244165170556589,8.168101172245645e-05,-5.064545715187038e-05
250,3,3000,-0.004617039814130308,0.00039999999999995595,0.0007867669693821799,0.0013659298634266515,-0.011029411764705843,0.0017953321364453378,-6.806750976873222e-05,1.0582339977536007e-05
250,3,3250,0.00017656299503632233,-0.0040000000000000036,-0.009400424347571379,-0.017726059383866954,0.005514705882352922,-0.005161579892280166,-1.2788441229205638e-05,0.001628797316420778
250,3,3500,0.0003844782976025751,0.004999999999999893,0.011738178757465967,0.0222656302868659,-0.005514705882353033,0.006283662477558405,0.00021039048473958655,-0.002641749945557571
250,4,250,0.0,0.0,0.0,0.0,0.0,0.0,0.0,0.0
250,4,500,0.026948133382617034,0.009199999999999986,0.021759211715496884,0.04469011669894596,0.049632352941176516,0.0042639138240574415,0.009757786923117462,-0.007659255910999162
250,4,750,0.009950232337100129,-0.0023999999999999577,-0.0034737579350486714,-0.003648221443619537,0.02573529411764708,-0.005834829443447043,0.0006695367779068206,0.002364922712097796
250,4,1000,0.015214119759214384,-0.007399999999999962,-0.014716770944214197,-0.024716511085126958,0.044117647058823595,-0.013689407540394938,0.00012417163903255535,0.004293054998368484
250,4,1250,0.006235808955539102,0.006800000000000028,0.01644112163422473,0.031938647236192996,0.005514705882353033,0.006956912028725282,0.0006947011300032502,-0.0039605881825576054
250,4,1500,-0.0004488330341113622,-0.0008000000000000229,-0.0019539072557201997,-0.003804763379251508,0.0,-0.0008976660682226134,-0.0002157533794486799,0.0010568302814603307
250,4,1750,0.00519953268560569,-0.0008000000000000229,-0.0016908650648891355,-0.0030322222197719517,0.012867647058823484,-0.0024685816876122146,3.25898986164308e-05,0.0006404204624791219
250,4,2000,0.004456978033583359,-0.0050000000000000044,-0.011656972013508682,-0.022060595069726907,0.016544117647058876,-0.0076301615798922695,-0.0003015596947936183,0.003362741269648125
250,4,2250,0.008047642306473701,0.0013999999999999568,0.003800394153190778,0.007705226109196106,0.016544117647058765,-0.0004488330341113622,0.00016501214489383909,-0.0010115068176770638
250,4,2500,-0.002041200232337115,-0.0021999999999999797,-0.0053755739681430326,-0.010493541316774047,-0.0018382352941176405,-0.002244165170556589,-9.075667969149492e-06,0.0008267500954292186
250,4,2750,0.004461928397930137,0.0021999999999999797,0.005517454813195766,0.010968877344823547,0.007352941176470673,0.0015709156193896012,0.00023885507973386844,-0.0011360562708134202
250,4,3000,-0.005872782236772567,-0.00040000000000006697,-0.0012242817524013017,-0.002661023016009789,-0.012867647058823484,0.00112208258527835,-0.0002330796546625713,0.0008269232806803334
250,4,3250,-0.003318394233815636,-0.0016000000000000458,-0.004008294707429694,-0.00796851328427095,-0.005514705882353033,-0.00112208258527835,-0.00013654754989966822,0.0005159055152237626
250,4,3500,0.004686344914985763,0.0025999999999999357,0.0063584773456368815,0.012515305606580873,0.007352941176470562,0.0020197486535009634,0.00025824400675900083,-0.0016875132478196327
250,5,250,0.0,0.0,0.0,0.0,0.0,0.0,0.0,0.0
250,5,500,0.019910365402893704,0.009600000000000053,0.02116295975298277,0.0415703865206849,0.03308823529411764,0.006732495511669656,0.011098098070018159,-0.00891822732799015
250,5,750,0.020865785721829178,0.029999999999999916,0.06601764651323783,0.12599356510917759,0.009191176470588203,0.03254039497307004,0.010601205248706447,-0.021068297895616005
250,5,1000,-0.015417084697433858,0.005600000000000049,0.010943676425444249,0.017916852659188076,-0.042279411764705954,0.011445242369838349,0.00029743439117113635,-0.004255801035731296
250,5,1250,0.0021963116485372858,-0.00040000000000006697,-0.0008600621179863932,-0.0015061515774956735,0.005514705882353033,-0.00112208258527835,6.641738831980604e-05,-0.00015324733204453989
250,5,1500,0.0006732495511669878,0.0011999999999999789,0.002916414511317189,0.0056844851539508134,0.0,0.0013464991023339756,-2.9289655718578445e-05,-0.0002674455933894737
250,5,1750,0.00815490020065468,-0.005600000000000049,-0.012941868010736046,-0.0247399010616417,0.025735294117646967,-0.009425493716337496,-0.0005152504224310572,0.003836157389944914
250,5,2000,0.011184523180906014,-0.00019999999999997797,-2.075104545151696e-05,0.00028717397882893625,0.02573529411764708,-0.003366247755834828,-2.6814473545133666e-05,0.0003133599114778533
250,5,2250,-0.014593674094413256,-0.0030000000000000027,-0.008007093326531156,-0.016208681008937686,-0.02941176470588236,0.0002244165170556256,-0.0005272138029357443,0.0017559928123605855
250,5,2500,-0.002041200232337226,-0.0021999999999999797,-0.005345901293998034,-0.010412321782422573,-0.0018382352941177516,-0.002244165170556589,-0.00016377455380722772,0.0014817032681508843
250,5,2750,-0.009730766184391282,-0.0043999999999999595,-0.011041534164625944,-0.02199255405438194,-0.016544117647058876,-0.002917414721723577,-0.0005069998151865374,0.0021501910633289706
250,5,3000,-0.006075747174992152,-0.0021999999999999797,-0.005618298943527833,-0.01125405073886765,-0.011029411764705843,-0.00112208258527835,-0.00028959631428882027,0.0010148199803637625
250,5,3250,-0.0027788045200126676,0.0008000000000000229,0.0018279416992399433,0.003421714350964944,-0.007352941176470562,0.0017953321364452268,5.5279068539415555e-05,-0.00032330931352069023
250,5,3500,-0.002351423064737568,0.0030000000000000027,0.0071378816083744745,0.01357734568513802,-0.009191176470588314,0.004488330341113067,6.270461505963887e-05,-0.0017698596429905726
250,6,250,0.0,0.0,0.0,0.0,0.0,0.0,0.0,0.0
250,6,500,-0.022154530573450182,-0.013599999999999945,-0.028420629888845972,-0.054392487923085264,-0.03308823529411764,-0.011220825852782834,-0.00937722766395599,0.008978451620523464
250,6,750,-0.019291569859541724,0.010199999999999987,0.017824838194104742,0.02725879405165499,-0.05698529411764708,0.01840215439856374,0.001365888029358997,-0.00965065578367132
250,6,1000,0.002891012778540425,-0.0006000000000000449,-0.0011864791108532335,-0.0020428818442636,0.007352941176470562,-0.0015709156193896012,0.00010065740838527404,0.0002487641267758158
250,6,1250,0.0003366247755833829,0.0005999999999999339,0.0014262381804960311,0.0027350401890428033,0.0,0.0006732495511669878,7.920582954901167e-05,-0.0002633212115446572
250,6,1500,0.004707796493822025,0.0012000000000000899,0.0030725906962065785,0.006301600984528588,0.009191176470588203,0.0002244165170556256,0.00011757115323696166,-0.0006584273534135836
250,6,1750,0.00773246910972647,-0.0006000000000000449,-0.0010438350370860494,-0.0014044564782519364,0.018382352941176516,-0.002917414721723577,0.00012499669975696293,0.0008671851484509238
250,6,2000,0.0072836360756151075,-0.0014000000000000679,-0.0029631281465185566,-0.005572455328986314,0.018382352941176516,-0.0038150807899461903,-2.9289655718689467e-05,0.0007838852544049899
250,6,2250,0.004258963459710774,0.00039999999999995595,0.0011423568719581834,0.0024717385928016977,0.009191176470588314,-0.0006732495511669878,5.98169025239903e-05,0.0002294422363060076
250,6,2500,-0.002041200232337115,-0.0022000000000000908,-0.005481338973470584,-0.01089512920964053,-0.0018382352941176405,-0.002244165170556589,-0.00014108538388424297,0.0006170214288570893
250,6,2750,-0.0005824928714752708,0.00039999999999995595,0.0009339510720302036,0.0017505317611152815,-0.0018382352941176405,0.0006732495511669878,-5.3628947090933465e-06,-0.00022087799356204293
250,6,3000,0.0017260270355898832,0.000200000000000089,0.0005554205290899672,0.0011878729173909752,0.003676470588235392,-0.0002244165170556256,-1.7326275213891407e-05,0.0004820778382447809
250,6,3250,-0.0017474786144261456,0.0011999999999999789,0.002832825074372658,0.005376878167232535,-0.005514705882353033,0.0020197486535008524,1.0725789417964648e-05,-0.0005692821795162256
250,6,3500,0.007823225789418076,0.0010000000000000009,0.0028336766567008675,0.0061425079203170085,0.016544117647058765,-0.0008976660682226134,0.0003032098162425445,-0.00013340683419789737
250,7,250,0.0,0.0,0.0,0.0,0.0,0.0,0.0,0.0
250,7,500,-0.037725076565635174,-0.035600000000000076,-0.07143864218675955,-0.13367283523249918,-0.040441176470588314,-0.035008976660682256,-0.016384055866511815,0.021209985595645898
250,7,750,0.021898761748864737,0.00019999999999997797,0.0035826132481586725,0.010727472991428177,0.049632352941176516,-0.005834829443447043,0.003214849112894713,-0.0011518318093345081
250,7,1000,-0.00578202555708085,0.0011999999999999789,0.0023855195668898155,0.0039718543690291375,-0.014705882352941124,0.0031418312387792025,0.00019512686133704715,-0.0010985803363065209
250,7,1250,-0.0009191176470588758,-0.00019999999999997797,-0.0005228974261680674,-0.001072506758452274,-0.0018382352941176405,0.0,-8.250607246296227e-07,0.00023768602861573042
250,7,1500,0.006476726687084211,-0.0013999999999999568,-0.003083447760945046,-0.005765335608534317,0.016544117647058765,-0.0035906642728905647,0.00011715862287464684,0.00040204479750365583
250,7,1750,0.0015016105185341466,-0.00019999999999997797,-0.0004199274560758859,-0.0007352104105111668,0.003676470588235281,-0.0006732495511669878,7.013016158019525e-06,0.00021351447018638867
250,7,2000,0.004125303622346643,0.0015999999999999348,0.004040810570437148,0.008083857769831226,0.007352941176470562,0.0008976660682226134,0.00044594532157571365,-0.0017054085932124308
250,7,2250,0.008763795015312992,-0.000200000000000089,-0.00011214935655057268,-7.443095162318336e-06,0.020220588235294046,-0.0026929982046679513,-6.517979723308365e-05,0.00045745591381035015
250,7,2500,-0.0034784560143626964,-0.006199999999999983,-0.015081318506958485,-0.029445355418539543,0.0,-0.006956912028725282,-0.0005754798553173623,0.003506963252684292
250,7,2750,0.00011220825852775729,0.00019999999999997797,0.0004933653621389533,0.000970498907211681,0.0,0.0002244165170556256,0.00019141408807687998,-0.0008611442264850151
250,7,3000,0.00900966311120488,-0.0011999999999999789,-0.0025506956132985703,-0.0044912518099455845,0.022058823529411797,-0.004039497307001816,6.889257049313979e-05,0.0011988512218732124
250,7,3250,-0.010425467314394421,-0.0042000000000000925,-0.010575869248351966,-0.021131905411590934,-0.018382352941176516,-0.0024685816876122146,-0.0006101324057450341,0.002551040313371119
250,7,3500,0.005001518111733105,0.0046000000000000485,0.011259417432056384,0.022034919132971287,0.005514705882353033,0.004488330341113067,0.00034075007920575384,-0.002427044425455458
250,8,250,0.0,0.0,0.0,0.0,0.0,0.0,0.0,0.0
250,8,500,0.024900332664484104,0.030000000000000027,0.05456636853572805,0.09664005909072759,0.018382352941176405,0.03141831238779169,0.014347805998521701,-0.018889011528936975
250,8,750,0.015224020487907941,0.007000000000000006,0.01615356191208972,0.03188805698037156,0.02573529411764708,0.004712746858168804,0.002844809377970159,-0.004776459323773945
250,8,1000,0.03745940701235617,0.007800000000000029,0.021362352109054794,0.04370496873586427,0.07536764705882348,-0.0004488330341112512,0.0021748600697011344,-0.004508901453746932
250,8,1250,0.0013943526243531679,0.006800000000000028,0.01599448538330628,0.03048536316773154,-0.005514705882352922,0.008303411131059257,0.0007631811701340752,-0.004807987399210648
250,8,1500,-0.0016352703558981663,0.0013999999999999568,0.003228555844387082,0.0059301058853009625,-0.005514705882352922,0.002244165170556478,-5.3216416728174565e-05,-0.0012083237772829401
250,8,1750,-0.0018167837152814892,-0.0018000000000000238,-0.004421199761162065,-0.008641141771434713,-0.0018382352941176405,-0.0017953321364452268,-0.00011220825852786831,0.0008009708993084487
250,8,2000,-0.015555694899144545,-0.00039999999999995595,-0.0016729693740751284,-0.003906162852097106,-0.03492647058823528,0.0038150807899460792,-0.00040180457281657755,0.0013599814627839506
250,8,2250,0.0045741366564578945,0.0023999999999999577,0.006095097747755629,0.01218213301029547,0.007352941176470673,0.0017953321364452268,0.00012705935156820392,-0.0002985542711075725
250,8,2500,0.00688265656352316,0.0021999999999999797,0.005654517764860811,0.011361838964997983,0.012867647058823484,0.0008976660682226134,0.0003382748970324201,-0.0010026412501951314
250,8,2750,0.011499696377653468,0.0018000000000000238,0.004918510525775743,0.009845047256289763,0.023897058823529438,-0.0008976660682226134,-3.4240020065468e-05,0.00022003636032159359
250,8,3000,-0.010783543668813955,-0.0033999999999999586,-0.008644112799767067,-0.0174491958152605,-0.020220588235294157,-0.0013464991023339756,-0.0007520428503537957,0.0029527080879201955
250,8,3250,0.0060064420741366975,-0.0008000000000000229,-0.0017043196770738511,-0.0030749650141631557,0.014705882352941235,-0.0026929982046678402,-0.0001307721248284821,0.000922484428142187
250,8,3500,0.006054295596156001,0.0035999999999999366,0.008913788357827857,0.017626875269368236,0.009191176470588203,0.002917414721723577,0.0006431348347237797,-0.002857077921417473
500,1,500,0.0,0.0,0.0,0.0,0.0,0.0,0.0,0.0
500,1,750,0.003922338684127169,-0.00019999999999997797,0.0003533207691372997,0.00197891907704395,0.009191176470588314,-0.0013464991023339756,0.0007190404213750501,0.0009132413190668792
500,1,1000,-0.005631864505227568,-0.008599999999999941,-0.018359358862669484,-0.03340676908252882,-0.0018382352941176405,-0.009425493716337496,-0.0014450938589078977,0.00512068955955473
500,1,1250,0.0039008871052909067,0.0011999999999999789,0.0030375140190226357,0.006161599221926495,0.007352941176470562,0.0004488330341112512,0.0006555107455907816,-0.0014423821281579156
500,1,1500,0.005428899567008205,0.006800000000000028,0.016199755238582192,0.031177753927044916,0.003676470588235392,0.007181328545781018,0.000997085885521387,-0.005289626382278192
500,1,1750,0.0032705407117963325,-0.0028000000000000247,-0.006454906211477152,-0.01186937808847821,0.011029411764705843,-0.004488330341113178,-6.600485795749123e-05,0.0019432921678132252
500,1,2000,0.007331489597634411,0.0030000000000000027,0.0074946181862953765,0.014963078008339847,0.012867647058823595,0.0017953321364452268,0.00037499009927122184,-0.0012062546833000384
500,1,2250,0.002217763227373548,-0.0018000000000000238,-0.004205831370923008,-0.007922475557848863,0.007352941176470673,-0.002917414721723466,0.0001839885415567677,-0.00010128648294907647
500,1,2500,0.009212628049424465,0.0005999999999999339,0.001880021330630255,0.004311417565023512,0.020220588235294157,-0.0017953321364452268,0.00029083390537543163,-0.00014931393965350159
500,1,2750,-0.0012342908438061073,-0.0021999999999999797,-0.00534414502504954,-0.010372337648435592,0.0,-0.0024685816876122146,-9.735716548742168e-05,0.001241144291141018
500,1,3000,0.006455275108247949,0.0,0.00023957257696927137,0.0007172902384025015,0.014705882352941235,-0.0017953321364452268,0.0001233465783082588,-0.00043090087378852473
500,1,3250,-0.006567483366775817,-0.000200000000000089,-0.0008111939903777676,-0.0020828552781309018,-0.014705882352941235,0.0015709156193896012,-0.00016789985742948765,-0.0003456266091049938
500,1,3500,-0.00013365983736413067,0.0011999999999999789,0.002886817675481712,0.005582153643525989,-0.0018382352941176405,0.0015709156193894902,6.889257049302877e-05,-0.0003304884612013925
500,2,500,0.0,0.0,0.0,0.0,0.0,0.0,0.0,0.0
500,2,750,0.004128603865244385,0.039000000000000035,0.06615967394292332,0.10659642853589912,-0.0404411764705882,0.048698384201077194,0.00787025425071286,-0.0276381882017008
500,2,1000,0.00928193315027992,0.0036000000000000476,0.008730988636036274,0.017502826033387486,0.016544117647058876,0.0020197486535008524,0.0013271101753090653,-0.0030911573366995716
500,2,1250,-0.0017903817720983373,0.0040000000000000036,0.008789886967897953,0.016106435676243813,-0.009191176470588203,0.005610412926391417,0.0009174675256098386,-0.003478802521534383
500,2,1500,0.0023563734290844573,0.0041999999999999815,0.00979416401217914,0.018487052321007447,0.0,0.004712746858168804,0.0003696272045621285,-0.0023862770081182275
500,2,1750,-0.0003366247755834939,-0.0006000000000000449,-0.0014394347479689262,-0.0027755301611741556,0.0,-0.0006732495511669878,4.579087020795125e-05,0.0001762294002200628
500,2,2000,0.005311740944133447,-0.0005999999999999339,-0.001174056197379314,-0.001902625735684782,0.012867647058823595,-0.002244165170556589,4.2490627310209916e-05,0.0009674104761439309
500,2,2250,0.004280415038546814,-0.0010000000000000009,-0.0022114256029381885,-0.003991809033791149,0.011029411764705954,-0.0024685816876122146,-1.0313259055871882e-05,0.0010682615599555126
500,2,2500,0.007240732917942694,0.0014000000000000679,0.0036909894004510946,0.007580960467671538,0.014705882352941235,-0.00022441651705573662,0.00020832783292845658,-0.0007753731818649148
500,2,2750,0.008047642306473812,0.0013999999999999568,0.003735265564635104,0.007702619345522521,0.016544117647058876,-0.0004488330341113622,0.0002570064156721674,-0.0005988164654527998
500,2,3000,0.007956885626782095,-0.00019999999999997797,-0.0001421748438923398,0.00019300095345109458,0.018382352941176516,-0.0024685816876122146,0.00017656299503643336,-0.00018112493267998919
500,2,3250,0.0027788045200126676,-0.0008000000000000229,-0.0018219072078120568,-0.0033987141360937168,0.007352941176470562,-0.0017953321364453378,-9.323186186505072e-05,0.0008787400133454214
500,2,3500,0.009506349667335545,0.0040000000000000036,0.009972120511413385,0.01988623866576744,0.016544117647058876,0.0024685816876122146,0.0004616214753406789,-0.0017474810314956147
500,3,500,0.0,0.0,0.0,0.0,0.0,0.0,0.0,0.0
500,3,750,-0.018900491076143222,-0.007800000000000029,-0.01807605989451,-0.036096719512965225,-0.03308823529411764,-0.004712746858168804,-0.010067597225155933,0.007719077466896172
500,3,1000,0.0018646372373006814,0.006199999999999983,0.01384247400173455,0.02588283913760836,-0.003676470588235281,0.007405745062836644,0.00041211783187244944,-0.003556105672849712
500,3,1250,-2.145157883615134e-05,0.0013999999999999568,0.0031658956749225364,0.005815115192696285,-0.0018382352941176405,0.0017953321364453378,0.0002091528936530862,-0.0008863387361653513
500,3,1500,-0.003339845812651898,-0.00019999999999997797,-0.0006628050523354023,-0.001678280554686884,-0.007352941176470562,0.0006732495511669878,-0.0001567615376492082,-6.889820853891136e-05
500,3,1750,0.004323318196219228,-0.0038000000000000256,-0.008754153285782884,-0.016215314572940343,0.014705882352941235,-0.006059245960502668,-5.8579311437378934e-05,0.0025619325189373413
500,3,2000,-0.003676470588235281,-0.0008000000000000229,-0.0020968260263993788,-0.004287529098234155,-0.007352941176470562,0.0,-9.529451367629171e-05,3.0367112137758175e-05
500,3,2250,0.0027573529411765163,0.0005999999999999339,0.001581259811478608,0.0032256473703892174,0.005514705882352922,0.0,-0.00018976396662806483,0.001242438172016606
500,3,2500,0.001367950681170127,0.0010000000000000009,0.0024561695795893845,0.004819417396618064,0.0018382352941176405,0.0008976660682226134,6.559232759528744e-05,-0.0005339005994382685
500,3,2750,0.005381046044988791,0.0023999999999999577,0.0059522115154073685,0.011836262960820187,0.009191176470588203,0.0015709156193896012,0.000380765524342519,-0.0015080654875380172
500,3,3000,-0.009303384729116071,-0.0021999999999999797,-0.005740747430412307,-0.01166361861116283,-0.018382352941176516,-0.0002244165170556256,-0.00043521953215752696,0.0020597498164560005
500,3,3250,-0.0007640062308585938,-0.0028000000000000247,-0.006768721609864414,-0.013056217781200363,0.0018382352941176405,-0.003366247755834828,-0.00010148246910968162,0.0010682852817532045
500,3,3500,-0.004569186292111005,0.0048000000000000265,0.011097054697077335,0.020955363822201978,-0.016544117647058765,0.007405745062836644,0.00023885507973386844,-0.0022239456278084838
500,4,500,0.0,0.0,0.0,0.0,0.0,0.0,0.0,0.0
500,4,750,-0.0050922747914246,-0.006199999999999983,-0.01300730983787557,-0.02401815600607482,-0.003676470588235281,-0.0065080789946140305,-0.00165177157038765,0.003961255319045679
500,4,1000,0.016591971169077957,0.008000000000000007,0.019300144302570654,0.038149504670563994,0.02757352941176472,0.005610412926391306,0.0017912068328229669,-0.004789160698063103
500,4,1250,0.005445400781497578,-0.0018000000000000238,-0.0038764292004885847,-0.007044124556137787,0.014705882352941124,-0.0038150807899460792,-0.00031682331819626874,0.0015198009765906746
500,4,1500,0.0015280124617171875,0.005600000000000049,0.013192746331098792,0.02507350281944487,-0.003676470588235281,0.006732495511669656,0.0003906662530362981,-0.0038618977763829497
500,4,1750,-0.0012342908438061073,-0.0021999999999999797,-0.005253299773417708,-0.01011116229894049,0.0,-0.0024685816876121036,-0.00038076552434263,0.0020495494121112916
500,4,2000,0.003676470588235281,0.0008000000000000229,0.002121591123773081,0.004275469642423313,0.007352941176470562,0.0,0.00019388927025043579,-0.0009394106391487512
500,4,2250,0.0049751161685500644,-0.0011999999999999789,-0.0026072962920089537,-0.004774217994472085,0.012867647058823484,-0.002917414721723466,0.00013200971591509347,0.00043232341850637287
500,4,2500,0.0037886788467630383,0.0010000000000000009,0.002568528756019095,0.005221031321824721,0.007352941176470562,0.0002244165170556256,0.00010725789418097875,-6.437689072517818e-05
500,4,2750,0.02069087284824167,0.0038000000000000256,0.010524811893885766,0.021299040100678623,0.042279411764705954,-0.0008976660682227244,0.0006134326486428865,-0.0017245578481766485
500,4,3000,0.006994864822050806,0.0023999999999999577,0.006027700640352518,0.012143128667756131,0.012867647058823595,0.001122082585278239,0.0002508184602386665,-0.0010402257008993703
500,4,3250,-0.002645144682648648,-0.00039999999999995595,-0.0010848521573338932,-0.002288260827991384,-0.005514705882353033,0.0002244165170556256,0.00013242224627729726,-0.0005775786586738399
500,4,3500,0.006145052275847607,0.005199999999999982,0.012805015900226424,0.025168069361381384,0.007352941176470673,0.004937163375224429,0.0005470152603231915,-0.0027875765510581695
500,5,500,0.0,0.0,0.0,0.0,0.0,0.0,0.0,0.0
500,5,750,0.00375732653923333,-0.01200000000000001,-0.021510383884862816,-0.03481466708809644,0.023897058823529327,-0.016382405745062778,-0.002377412477558405,0.009137721581901535
500,5,1000,0.007602109515260302,0.038000000000000034,0.07161290439233636,0.12033401827772938,-0.03125,0.046454219030520716,0.005639290051748014,-0.025845183378018156
500,5,1250,-0.006567483366775817,-0.00019999999999997797,-0.000919575956053853,-0.002574728832957396,-0.014705882352941235,0.0015709156193894902,-0.0005173130742422982,0.0007933716447008268
500,5,1500,0.004910761432041499,0.0030000000000000027,0.007273530711716658,0.014254139458989457,0.007352941176470673,0.0024685816876122146,0.0002582440067588898,-0.0022274220577380988
500,5,1750,0.0008712641250396835,-0.0042000000000000925,-0.009950177232609825,-0.018800438840702705,0.007352941176470562,-0.005610412926391306,-8.8694027880587e-05,0.002562017063386825
500,5,2000,0.0012557424226423697,0.0007999999999999119,0.0020119183863206436,0.0040020013370906105,0.0018382352941176405,0.0006732495511669878,-6.60048579573802e-05,0.00045192695181568016
500,5,2250,0.002308519907065154,-0.00019999999999997797,-0.0003913007472469143,-0.0006554142375679861,0.005514705882352922,-0.0008976660682227244,3.589014151439418e-05,0.0002875012606370214
500,5,2500,0.002981769458232031,0.0010000000000000009,0.0025392765816317775,0.005108392211997992,0.005514705882352922,0.0004488330341112512,0.00035848888478184904,-0.0011522680896650346
500,5,2750,-0.006209407012356172,-0.0010000000000000009,-0.002676442783866806,-0.005608755461856019,-0.012867647058823595,0.0004488330341112512,-1.8563866300502774e-05,0.00014277143987383428
500,5,3000,-0.006925559721195573,0.0006000000000000449,0.001175107156422217,0.0020099366176321576,-0.016544117647058876,0.0026929982046678402,-8.333113317138263e-05,-0.0003748632926303692
500,5,3250,0.0027788045200127787,-0.0008000000000000229,-0.001771615364062451,-0.003278265904663069,0.007352941176470562,-0.0017953321364452268,0.00013118465519057487,-9.224330261435338e-05
500,5,3500,-0.008047642306473812,-0.0013999999999999568,-0.0037680499414821655,-0.007746371738784452,-0.016544117647058765,0.0004488330341112512,-0.0002768078730593926,0.001248146577527703
500,6,500,0.0,0.0,0.0,0.0,0.0,0.0,0.0,0.0
500,6,750,-0.002079153025662639,0.007800000000000029,0.013221715910259002,0.0206790821778029,-0.014705882352941235,0.010547576301615846,-0.00040139204245426274,-0.003577862955991308
500,6,1000,-0.008314961981201852,0.0010000000000000009,0.001126527787420395,0.00013040946743669846,-0.020220588235294046,0.0035906642728904536,-0.0015564770567113584,0.00021130853941973143
500,6,1250,-0.0010956806420953091,0.0038000000000000256,0.008273819282058836,0.014782149692722957,-0.007352941176470673,0.005161579892280055,0.0007219281339106987,-0.004605769597703882
500,6,1500,-0.008319912345548741,-0.006199999999999983,-0.014734505136949405,-0.028507130022092264,-0.011029411764705954,-0.005610412926391417,-0.0004467703823001212,0.0028684792584438706
500,6,1750,0.0010956806420951981,-0.0038000000000000256,-0.008822221727201374,-0.016521316380398998,0.007352941176470673,-0.005161579892280055,-0.00012293404794594398,0.0023598153675582576
500,6,2000,0.004435526454747096,-0.0035999999999999366,-0.008369039142967827,-0.01578361555178942,0.014705882352941235,-0.005834829443447043,-0.0001984271042347885,0.0029529420705413792
500,6,2250,0.0015445136762066713,-0.0029999999999998916,-0.00691619359075013,-0.012837112707931086,0.007352941176470562,-0.0042639138240574415,-4.620340057015504e-05,0.0015626412756645355
500,6,2500,0.004440476819093875,0.0035999999999999366,0.008885413916186136,0.017464212206154794,0.005514705882353033,0.003366247755834828,0.00039437902629635424,-0.0025397790749812207
500,6,2750,0.008069093885309964,0.0,0.00040825635381547265,0.0012227096306320906,0.018382352941176405,-0.002244165170556589,7.549305628895553e-05,0.0006681213113218804
500,6,3000,-0.0013894022600063893,0.00040000000000006697,0.000892505583069525,0.0016036206374010487,-0.003676470588235392,0.0008976660682226134,9.859475657414407e-05,-0.000304504321599181
500,6,3250,-0.0070641699229063715,-0.00539999999999996,-0.013394450487039133,-0.02642329297996493,-0.009191176470588314,-0.004937163375224429,-0.0004871983577992012,0.0028149668363846433
500,6,3500,0.005290289365297296,0.0008000000000000229,0.002170290991374668,0.00456342274691901,0.011029411764705954,-0.0004488330341113622,-1.485109304055765e-05,0.0005641305572768509
500,7,500,0.0,0.0,0.0,0.0,0.0,0.0,0.0,0.0
500,7,750,0.028999234343647817,0.025799999999999934,0.05289243077871453,0.09739999520429976,0.03308823529411764,0.024910233393177772,0.010401953083746918,-0.020173192595000927
500,7,1000,0.012194397507656607,0.0016000000000000458,0.004928026571778599,0.010823237703806665,0.02573529411764708,-0.0013464991023339756,0.0003898411923117795,0.0003124534451987779
500,7,1250,-0.0015280124617171875,-0.005600000000000049,-0.012308016481176853,-0.022442914077295595,0.003676470588235392,-0.006732495511669656,-0.00020378999894399286,0.003260017934317485
500,7,1500,0.0019289919738093575,0.0020000000000000018,0.0047604769994112894,0.009170601592718541,0.0018382352941176405,0.0020197486535009634,0.000257831476396686,-0.001178551772660224
500,7,1750,0.002041200232337115,0.0022000000000000908,0.005352467457476751,0.010417166455160998,0.0018382352941176405,0.002244165170556478,-1.8151335938187962e-05,-0.0009817370409942452
500,7,2000,0.005712720456225728,-0.0041999999999999815,-0.00978553030930096,-0.01855000715664279,0.018382352941176516,-0.006956912028725282,-0.00031352307529830536,0.0029049060678602717
500,7,2250,-0.0021748600697011344,-0.0010000000000000009,-0.002525744266728358,-0.005035827961396455,-0.003676470588235281,-0.0006732495511669878,9.776969584951445e-05,-0.0004159776270742611
500,7,2500,-0.004189658358855319,0.0025999999999999357,0.006001721419537032,0.011135315592861184,-0.012867647058823595,0.004488330341113067,2.64019431830409e-05,-0.001128261538223609
500,7,2750,-0.0011649857429506527,0.0008000000000000229,0.00189527671878853,0.0036345390948274714,-0.003676470588235281,0.0013464991023339756,9.818222621194028e-05,-0.0005166569409927775
500,7,3000,0.003831582004435452,-0.0018000000000000238,-0.004191624663311355,-0.007966305108705218,0.011029411764705843,-0.003366247755834828,-4.125303622359855e-05,0.0005585813841071088
500,7,3250,0.0036979221670715434,-0.0006000000000000449,-0.0012656704370761496,-0.0022134290398874157,0.009191176470588203,-0.0017953321364452268,2.4545556553068337e-05,0.00028758627119063965
500,7,3500,0.009955182701446796,0.0047999999999999154,0.011757466620320844,0.023272438869546108,0.016544117647058876,0.003366247755834828,0.0005709420213327876,-0.0025747872887304903
500,8,500,0.0,0.0,0.0,0.0,0.0,0.0,0.0,0.0
500,8,750,0.004590637870947267,-0.006199999999999983,-0.011532203654617601,-0.01992263730112498,0.018382352941176405,-0.00920107719928187,-0.0014232297497096535,0.004756375425709499
500,8,1000,0.004306816981729744,0.0048000000000000265,0.009998055030875364,0.018164013444167737,0.003676470588235281,0.004937163375224429,0.0012557424226421476,-0.0038025926689332426
500,8,1250,0.005247386207624993,0.0036000000000000476,0.008623127896374871,0.01680324434594882,0.007352941176470562,0.0031418312387792025,0.0002776329337840222,-0.0014397119611509936
500,8,1500,-0.008966759953532577,-0.0015999999999999348,-0.0042529332115900376,-0.009005975877216965,-0.018382352941176516,0.0004488330341112512,-0.0005329892280071524,0.0011897206222899904
500,8,1750,-0.0045741366564580055,-0.0024000000000000687,-0.005963668396082644,-0.011814002556359893,-0.007352941176470673,-0.0017953321364453378,-0.00016253696272050533,0.0010292210751903213
500,8,2000,-0.004686344914985874,-0.0025999999999999357,-0.006493564048038913,-0.012871434188578057,-0.007352941176470673,-0.0020197486535009634,-0.00033497465413456773,0.0016243605560628807
500,8,2250,0.002463631323265325,-0.0028000000000000247,-0.0065540215552966075,-0.012410983769836403,0.009191176470588314,-0.0042639138240574415,6.187955433512027e-05,0.0013609297015509947
500,8,2500,-0.006321615270883929,-0.0011999999999999789,-0.00319679574369669,-0.006565452809274119,-0.012867647058823484,0.00022441651705573662,-0.00035972647586868245,0.0012006625169942511
500,8,2750,0.007037767979723331,-0.00039999999999995595,-0.0006611094411181906,-0.0008041819764366132,0.016544117647058876,-0.0024685816876122146,0.00011715862287475787,0.00025563232313752845
500,8,3000,0.0044833799767662885,0.0007999999999999119,0.002120891796786095,0.004377190577190437,0.009191176470588314,-0.00022441651705573662,0.0002871211321153755,-0.0010704193829985864
500,8,3250,-0.0013200971591509347,0.0033999999999999586,0.007991433555469718,0.015120446454707559,-0.007352941176470673,0.004712746858168804,0.00030857271095152683,-0.00260938827485331
500,8,3500,0.0048843594888584585,-0.0027999999999999137,-0.006532519685450988,-0.012295489773141766,0.014705882352941235,-0.004937163375224429,-9.570704403838448e-05,0.0015093312913613544
750,1,750,0.0,0.0,0.0,0.0,0.0,0.0,0.0,0.0
750,1,1000,-0.007443697856162168,-0.0031999999999999806,-0.0073037782433209575,-0.014513796670344914,-0.012867647058823595,-0.0020197486535008524,-0.0008271233762803254,0.0019427310876247196
750,1,1250,0.00011220825852775729,0.00019999999999997797,0.0004249603909790567,0.0007686325306076602,0.0,0.0002244165170556256,-7.755570809997447e-05,-0.00035569192637823627
750,1,1500,-0.002062651811173266,-0.0008000000000000229,-0.0019273348505313148,-0.003865699624068464,-0.003676470588235281,-0.0004488330341113622,-0.0004781226898301627,0.00010968752745890535
750,1,1750,0.00013365983736401965,-0.0011999999999999789,-0.0027707292345993118,-0.005156124524006378,0.0018382352941176405,-0.0015709156193896012,9.983234766097748e-05,-0.00010340583443250138
750,1,2000,-0.007978337205618358,0.0016000000000000458,0.0034499871797305515,0.006050549160286245,-0.020220588235294157,0.0042639138240574415,-0.0001212839264970178,-0.001131609837086483
750,1,2250,0.002891012778540425,-0.0006000000000000449,-0.0012561514922508898,-0.0021303484660396554,0.007352941176470673,-0.0015709156193896012,-7.92058295491227e-05,0.0007837565961018311
750,1,2500,0.0022392148062096995,-0.0031999999999999806,-0.007517621536947128,-0.014100664976054555,0.009191176470588203,-0.004712746858168693,-0.00016212443235819052,0.0024157167286503493
750,1,2750,-0.004841456331185934,0.0,-0.00023447373611484856,-0.0007357389692563832,-0.011029411764705843,0.0013464991023338646,-0.00026360690146798316,0.0004312075809492881
750,1,3000,-0.003339845812651676,-0.00019999999999997797,-0.0006317675420179913,-0.0013164714624094298,-0.007352941176470562,0.0006732495511669878,-0.00011592103178792446,0.0006008320229346498
750,1,3250,0.007620260851198601,-0.0008000000000000229,-0.001535854991274288,-0.0024982331253248224,0.018382352941176516,-0.0031418312387792025,-0.0002846459499419307,0.0018099828520175129
750,1,3500,0.0033612973914879385,-0.0012000000000000899,-0.0027526570507080406,-0.005164838413606265,0.009191176470588203,-0.0024685816876122146,8.910655824256875e-05,-0.00013242481073606153
750,2,750,0.0,0.0,0.0,0.0,0.0,0.0,0.0,0.0
750,2,1000,-0.0038101304255993007,0.00039999999999995595,-0.00013891614137895303,-0.0019374236238176579,-0.009191176470588203,0.0015709156193896012,-0.0033150939909176724,0.0021515922620810868
750,2,1250,0.0065625330024290385,-0.007000000000000006,-0.014054373168347345,-0.023273993520786296,0.023897058823529438,-0.010771992818671472,-4.8266052381618074e-05,0.004889901219814788
750,2,1500,0.0064173223149223135,0.010000000000000009,0.023033676743170695,0.04334351267950287,0.0018382352941176405,0.010996409335727098,0.0007734944291900581,-0.005105117717434155
750,2,1750,-0.004168206780019057,0.0011999999999999789,0.0025740733432783047,0.004428437250397876,-0.011029411764705954,0.0026929982046679513,-1.5263623402650417e-05,-0.0009302658821485708
750,2,2000,0.00020296493821958528,0.0018000000000000238,0.004246950062144927,0.008051767852512715,-0.0018382352941176405,0.002244165170556589,0.00011385837997679449,-0.0010617566738620118
750,2,2250,-0.004392623297074683,0.0008000000000000229,0.0017552968929150925,0.0032136793260683083,-0.011029411764705843,0.002244165170556589,4.2078096947895105e-05,-0.0009692607694911509
750,2,2500,0.00024586809589188796,-0.0010000000000000009,-0.0023470884443870244,-0.00443496328288584,0.0018382352941176405,-0.0013464991023339756,1.402603231603905e-05,0.0007781208465733429
750,2,2750,0.00829351040236559,0.00039999999999995595,0.0013412420956749882,0.0030168950024799246,0.018382352941176516,-0.0017953321364453378,-0.00011220825852786831,0.000998407991385522
750,2,3000,-0.00112208258527835,-0.0020000000000000018,-0.004844113177887133,-0.00946011875113928,0.0,-0.002244165170556589,-0.00022895435104031137,0.0018940995355982886
750,2,3250,0.00047028461294751356,-0.0006000000000000449,-0.0014318507519907042,-0.0027782049448693558,0.0018382352941176405,-0.0008976660682226134,-0.00022359145633121802,0.0008201675375797569
750,2,3500,0.00589423381560894,-0.0010000000000000009,-0.0020948377379164107,-0.003511157758361083,0.014705882352941235,-0.002917414721723466,1.278844122931666e-05,0.0010047183357615149
750,3,750,0.0,0.0,0.0,0.0,0.0,0.0,0.0,0.0
750,3,1000,0.009052566268877404,-0.0040000000000000036,-0.005884935513135958,-0.006649926041612186,0.02573529411764708,-0.0076301615798922695,0.0009545952582109551,0.002141841555517842
750,3,1250,0.002244165170556589,0.0040000000000000036,0.00880344055836435,0.016215978624265714,0.0,0.004488330341113067,0.0007190404213750501,-0.0034546852190715533
750,3,1500,0.0019289919738092465,0.0020000000000000018,0.004620046107448927,0.008738404600861838,0.0018382352941176405,0.0020197486535008524,6.311714542195368e-05,-0.0007928134830033507
750,3,1750,0.0020841033900094175,-0.0006000000000000449,-0.0013106680074295163,-0.0022703210088804715,0.005514705882352922,-0.0013464991023339756,0.00013324730700181586,0.0005899769410608064
750,3,2000,0.0009620208047311785,-0.0026000000000000467,-0.00609467822165044,-0.011438124343886913,0.005514705882352922,-0.0035906642728904536,-0.00015799912873581956,0.0014498764388714384
750,3,2250,0.00239927658675676,0.0013999999999999568,0.0034248134756782456,0.0067322333526812494,0.003676470588235281,0.00112208258527835,2.8877125355375455e-06,-0.0010600662048592677
750,3,2500,0.0006732495511669878,0.0011999999999999789,0.0029352736848337058,0.005726687502647265,0.0,0.0013464991023339756,6.270461505963887e-05,-0.000605102677100601
750,3,2750,0.0012557424226422587,0.0008000000000000229,0.0019915544428523724,0.003942920497391089,0.0018382352941176405,0.0006732495511668768,0.00011097066744114592,-0.0005044443490979794
750,3,3000,0.0007161527088394015,-0.0016000000000000458,-0.0038109485694719503,-0.007281400140358718,0.003676470588235392,-0.002244165170556589,0.00010808295490549735,0.0002889088420012431
750,3,3250,0.0012342908438061073,0.0021999999999999797,0.0053339559406245796,0.010391907721857052,0.0,0.0024685816876122146,0.0003345621237721419,-0.0020023567073226643
750,3,3500,0.004617039814130419,-0.00039999999999995595,-0.0007593802915890624,-0.001130994126641749,0.011029411764705954,-0.0017953321364452268,-2.55768824585223e-05,0.000678238451694989
750,4,750,0.0,0.0,0.0,0.0,0.0,0.0,0.0,0.0
750,4,1000,0.007143375752455494,0.02279999999999993,0.039509432131369704,0.06367833439900095,-0.012867647058823484,0.02715439856373425,0.0016616722990813182,-0.01479092415404188
750,4,1250,0.008277009187876216,0.009000000000000008,0.01938587588370788,0.03568287247475921,0.007352941176470562,0.00920107719928187,0.0020704898880556932,-0.005416632925740891
750,4,1500,0.00034157513993027244,0.007800000000000029,0.017225565639072293,0.03126863352769338,-0.009191176470588314,0.009874326750448748,0.0007227531946353283,-0.00418652603701461
750,4,1750,0.0026236931038124967,0.0018000000000000238,0.004376499507671383,0.008555610848336115,0.003676470588235281,0.0015709156193896012,0.0003366247755833829,-0.0014516813900887875
750,4,2000,-0.0017045754567536209,-0.0016000000000000458,-0.0038745874608282493,-0.00753641785156145,-0.0018382352941176405,-0.0015709156193894902,-0.0001959519220613437,0.001459563523207262
750,4,2250,0.0023299714859013054,-0.0016000000000000458,-0.0037422496973232855,-0.007015426750912046,0.007352941176470673,-0.0026929982046678402,-7.260534375341798e-05,0.0014683748420422577
750,4,2500,-0.004103852043510381,-0.0030000000000000027,-0.007375643765899831,-0.01447225008239994,-0.005514705882352922,-0.0026929982046678402,-0.00019677698278597333,0.0013320027282326683
750,4,2750,0.008539378498257477,-0.0005999999999999339,-0.001028009466956803,-0.001701848026894437,0.020220588235294046,-0.0031418312387790914,-0.00010395765128301537,0.0010111694486424922
750,4,3000,0.009212628049424465,0.0006000000000000449,0.0018743897108068897,0.0042836253951425984,0.020220588235294157,-0.0017953321364453378,0.0005069998151863153,-0.0010652149458126817
750,4,3250,-0.004461928397930026,-0.0022000000000000908,-0.005500044470610366,-0.010932162559361802,-0.007352941176470562,-0.0015709156193896012,-0.00032589898616541824,0.00138618988998833
750,4,3500,0.001341548737987197,-0.0048000000000000265,-0.01141445932504681,-0.02181572421056166,0.009191176470588314,-0.0065080789946140305,-0.00046327159678949403,0.003356529001624459
750,5,750,0.0,0.0,0.0,0.0,0.0,0.0,0.0,0.0
750,5,1000,0.00394379026296332,-0.0016000000000000458,-0.0027618501819819397,-0.003922991878357984,0.011029411764705843,-0.0031418312387792025,-0.000900553780758262,0.002532113978497969
750,5,1250,0.011590453057345074,0.0034000000000000696,0.008314343568225024,0.017350139301990586,0.022058823529411797,0.001122082585278239,0.001520999445559168,-0.0016920280300669784
750,5,1500,0.005338142887316599,0.005199999999999982,0.011679024498676083,0.021947625365344225,0.005514705882353033,0.005161579892280055,0.0005478403210477101,-0.002832278913139646
750,5,1750,-0.0072836360756152185,0.0014000000000000679,0.0028498133668395376,0.00447868546727237,-0.018382352941176516,0.0038150807899460792,-0.0001320097159152045,-0.001387364345801511
750,5,2000,-0.001122082585278239,-0.0019999999999998908,-0.004758244953811497,-0.009120758691603115,0.0,-0.002244165170556589,7.09552223044918e-05,0.0006819389020735539
750,5,2250,0.0018382352941177516,0.00039999999999995595,0.0010432615310553839,0.0021445646691139464,0.003676470588235392,0.0,-0.0001002448780228482,0.0004600053024284255
750,5,2500,0.003318394233815747,0.0016000000000000458,0.003931841810042913,0.007786521850710826,0.005514705882353033,0.001122082585278239,8.044342063584509e-05,-0.0006209187793213417
750,5,2750,-0.0045741366564580055,-0.0024000000000000687,-0.005969546720512975,-0.01183607977789447,-0.007352941176470562,-0.0017953321364452268,-0.0003374498363080125,0.0018218363345531008
750,5,3000,-0.0014801589396979953,-0.0011999999999999789,-0.0029890728046584325,-0.005919265976686128,-0.0018382352941176405,-0.001122082585278239,-0.0003432252613790876,0.00142898760957671
750,5,3250,-0.003136880874432424,0.0015999999999999348,0.0036907640199188574,0.00688664799136629,-0.009191176470588314,0.002917414721723466,-4.496580948354367e-05,-0.0007914507823059153
750,5,3500,-0.0027309509979934754,0.005199999999999982,0.011836823432438526,0.021821303380423762,-0.012867647058823595,0.007405745062836644,-1.650121448948383e-05,-0.0032798835834323276
750,6,750,0.0,0.0,0.0,0.0,0.0,0.0,0.0,0.0
750,6,1000,0.004991617383039326,-0.00979999999999992,-0.01408914755023516,-0.01832960850191312,0.023897058823529438,-0.013913824057450674,-0.0006600485795754674,0.008534949055589311
750,6,1250,0.012610228112789112,0.019600000000000062,0.04122691056260763,0.07404617799273283,0.003676470588235281,0.021543985637342833,0.002149283187242612,-0.01132155975417131
750,6,1500,0.0038150807899461903,0.006800000000000028,0.015463700088017784,0.028934453769560053,0.0,0.0076301615798922695,0.001114244508395812,-0.0043191346046183
750,6,1750,-0.0031154292955961616,0.00019999999999997797,0.0002821999273638909,0.0001558077000333169,-0.007352941176470562,0.00112208258527835,0.00013572248917537166,-0.0015523421577117056
750,6,2000,-0.0009405692258950271,0.0011999999999999789,0.0028082296262724737,0.00523077464277677,-0.003676470588235281,0.0017953321364452268,6.105449361082371e-05,-0.0006442280501192587
750,6,2250,-0.002891012778540647,0.0005999999999999339,0.0012966229803766938,0.0022851946719072425,-0.007352941176470673,0.0015709156193896012,9.158174041601352e-05,-0.0009066955193015704
750,6,2500,-0.00013365983736401965,0.0011999999999999789,0.0028368021060386495,0.00540045886574092,-0.0018382352941177516,0.0015709156193896012,0.0002834083588552083,-0.0014993588585837424
750,6,2750,-0.0009405692258950271,0.0012000000000000899,0.002820330717779984,0.00534010204264268,-0.003676470588235392,0.0017953321364452268,8.250607244708608e-05,-0.0007854037697360254
750,6,3000,0.0034042005491604632,-0.0040000000000000036,-0.009449867294938685,-0.017911619594915384,0.012867647058823595,-0.006059245960502668,-0.00012334657830814777,0.002176780779578282
750,6,3250,-0.00519953268560569,0.0008000000000000229,0.0016509402995090738,0.0027591593419779015,-0.012867647058823595,0.0024685816876122146,0.00022606663850455178,-0.0013732231526286352
750,6,3500,0.0065625330024290385,-0.007000000000000006,-0.01628271354017574,-0.030920915248210612,0.023897058823529438,-0.010771992818671472,-0.000278045464146115,0.0031766975057679015
750,7,750,0.0,0.0,0.0,0.0,0.0,0.0,0.0,0.0
750,7,1000,0.00048678582743688636,-0.009199999999999986,-0.017596897589482796,-0.029395188022953933,0.012867647058823484,-0.011894075403949711,-0.0008238231333825841,0.007958595341478587
750,7,1250,0.003638517794909646,0.01079999999999992,0.022131179274057722,0.038655391000382844,-0.005514705882352922,0.012791741472172435,3.4240020065579024e-05,-0.005720132988967164
750,7,1500,0.009821522864082888,0.006000000000000005,0.013938394464745207,0.026963835867581998,0.014705882352941235,0.004937163375224429,0.0014034282923223174,-0.003833429612183085
750,7,1750,0.0019933467103178115,-0.0021999999999999797,-0.00485007508799673,-0.008629966020621382,0.007352941176470562,-0.003366247755834828,0.00011468344070120207,0.0013187028226995037
750,7,2000,-0.005691268877389355,0.0027999999999999137,0.0063237361785584145,0.011529104474233942,-0.016544117647058876,0.005161579892280166,4.290315767230268e-05,-0.0019100047000898913
750,7,2250,-0.00035807635441975627,0.0008000000000000229,0.0019030758123805835,0.0036359000370537187,-0.0018382352941177516,0.001122082585278239,-0.00030485993769135966,0.0008828192884251396
750,7,2500,0.0037622769035801085,-0.0047999999999999154,-0.01130860325716354,-0.021604490797686227,0.014705882352941235,-0.007181328545781018,-0.00017450034322519237,0.002667556955015446
750,7,2750,0.007262184496779067,0.0,0.00036752188937838604,0.0014334742534090061,0.016544117647058876,-0.0020197486535008524,0.0002867086017530607,-3.9820160278988305e-05
750,7,3000,0.012418814024712121,0.0020000000000000018,0.005412408733213803,0.01121052787409016,0.02573529411764708,-0.0008976660682226134,0.0005725921427818248,-0.0017195015327094295
750,7,3250,0.0009405692258950271,-0.0011999999999999789,-0.002862203381057471,-0.0054841366736251285,0.003676470588235392,-0.0017953321364452268,-4.4553279121339884e-05,0.0008922440383710931
750,7,3500,-0.011163071602069863,-0.0012000000000000899,-0.0034607462278836154,-0.007455548003291512,-0.023897058823529438,0.0015709156193896012,-0.000505762224099815,0.0008248626640163783
750,8,750,0.0,0.0,0.0,0.0,0.0,0.0,0.0,0.0
750,8,1000,0.0007425546520223314,0.0041999999999999815,0.00833823296363112,0.014610084239693788,-0.003676470588235281,0.005161579892280055,0.0013807391223994436,-0.0041813227414613935
750,8,1250,-0.005156629527933276,-0.0020000000000000018,-0.00464165667782146,-0.009345428064006178,-0.009191176470588314,-0.001122082585278239,-0.0014842842433203662,0.0013890012768702047
750,8,1500,0.0005346393494560786,-0.0048000000000000265,-0.010611255859896196,-0.01908921815939646,0.007352941176470562,-0.006283662477558294,-2.5576882458411276e-05,0.0023500155144849724
750,8,1750,0.0013894022600062783,-0.00040000000000006697,-0.0008615355657177748,-0.0014726773531612558,0.003676470588235281,-0.0008976660682226134,6.476726687087986e-05,4.7237570717893404e-05
750,8,2000,0.004414074875910834,-0.0021999999999999797,-0.00489407671600306,-0.008761978126359038,0.012867647058823595,-0.004039497307001816,0.0001109706674410349,0.0008618789985207851
750,8,2250,0.010671335410286087,0.0031999999999999806,0.008203024621569188,0.01656024100035547,0.020220588235294157,0.001122082585278239,0.0004793602809168851,-0.0013927048037956332
750,8,2500,0.0070377679797232195,-0.00040000000000006697,-0.0005898765755998348,-0.0006835508384875899,0.016544117647058765,-0.0024685816876122146,-3.960291477456135e-05,0.0007021671047582985
750,8,2750,-0.0008069093885310075,0.0,-3.608587757886195e-05,-0.00011127241806030419,-0.0018382352941176405,0.0002244165170556256,-8.085595099804888e-05,0.000245444573285996
750,8,3000,0.010895751927341824,0.0036000000000000476,0.009207087882538767,0.01849541913487507,0.020220588235294157,0.0015709156193896012,0.0003956166173829656,-0.001604333519568242
750,8,3250,0.004461928397930026,0.0021999999999999797,0.005504816390928813,0.010941469867877696,0.007352941176470562,0.0015709156193896012,9.199427077843936e-05,-0.0007422161182240759
750,8,3500,0.004461928397930137,0.0022000000000000908,0.005476303430873575,0.01086722678171348,0.007352941176470673,0.0015709156193896012,-0.00020048975604602948,0.00019838044730651969
