acquisition_events_mean,acquisition_events_std,bin_accuracy_mean,bin_accuracy_std,bin_auc_mean,bin_auc_std,bin_balanced_accuracy_mean,bin_balanced_accuracy_std,bin_f1_mean,bin_f1_std,bin_positive_rate_true_mean,bin_positive_rate_true_std,bin_precision_mean,bin_precision_std,bin_recall_mean,bin_recall_std,budget,mae_bin_clean_or_below_threshold_mean,mae_bin_clean_or_below_threshold_std,mae_bin_large_mean,mae_bin_large_std,mae_bin_moderate_mean,mae_bin_moderate_std,mae_bin_small_mean,mae_bin_small_std,mae_bin_tiny_mean,mae_bin_tiny_std,mae_dominant_bracket__main_pin_mean,mae_dominant_bracket__main_pin_std,mae_dominant_bracket__splint_mean,mae_dominant_bracket__splint_std,mae_dominant_clean_mean,mae_dominant_clean_std,mae_dominant_main_pin__splint_mean,mae_dominant_main_pin__splint_std,mae_log_mean,mae_log_std,mae_norm_mean,mae_norm_std,median_ae_norm_mean,median_ae_norm_std,n_bin_clean_or_below_threshold_mean,n_bin_clean_or_below_threshold_std,n_bin_large_mean,n_bin_large_std,n_bin_moderate_mean,n_bin_moderate_std,n_bin_small_mean,n_bin_small_std,n_bin_tiny_mean,n_bin_tiny_std,n_dominant_bracket__main_pin_mean,n_dominant_bracket__main_pin_std,n_dominant_bracket__splint_mean,n_dominant_bracket__splint_std,n_dominant_clean_mean,n_dominant_clean_std,n_dominant_main_pin__splint_mean,n_dominant_main_pin__splint_std,n_mean,n_seeds,n_std,near_threshold_mae_norm_mean,near_threshold_mae_norm_std,pearson_norm_mean,pearson_norm_std,rmse_log_mean,rmse_log_std,rmse_norm_mean,rmse_norm_std,series,spearman_norm_mean,spearman_norm_std,strategy,train_frac_clean_or_below_threshold_mean,train_frac_clean_or_below_threshold_std,train_frac_large_mean,train_frac_large_std,train_frac_moderate_mean,train_frac_moderate_std,train_frac_small_mean,train_frac_small_std,train_frac_tiny_mean,train_frac_tiny_std,train_overlap_positive_rate_mean,train_overlap_positive_rate_std
32.0,0.0,0.9113333333333333,0.006553031529164348,0.9699414111799287,0.005160058114327394,0.9128053371087855,0.0064244971163088345,0.9103618737185343,0.006958383835836713,0.5174,0.0,0.9540766178971228,0.003172804007380512,0.8705063780440665,0.010124314537076748,10000,2.3059241160897456e-05,2.693296205949505e-06,0.0030203094758227723,0.00020797034828444214,0.0008426568734116189,3.2157836204779096e-05,0.0003286126274555513,2.6428111751427104e-05,0.00013724661004875177,1.2586784108021742e-05,0.001779255590390676,0.000169886362570802,0.0008478964165323483,1.2934743820456124e-05,2.3059241160897456e-05,2.693296205949505e-06,0.0013840503491611871,8.458070169837381e-05,0.3846049423505782,0.017713663664919787,0.0007371298941037673,3.119712723616643e-05,7.46655756150479e-05,2.2601860241742432e-06,2413.0,0.0,867.0,0.0,935.0,0.0,605.0,0.0,180.0,0.0,600.0,0.0,350.0,0.0,2413.0,0.0,1637.0,0.0,5000.0,3,0.0,0.00010861257737128953,1.1341225722199834e-05,0.9426099782761552,0.008540417592747231,0.6945387154379964,0.03999502894684876,0.0020353659472344544,0.0002184951914757927,active_base10000,0.8529756656390265,0.008390146672394922,binary_entropy,0.48133333333333334,0.004034297405441926,0.17703333333333335,0.0036917325050562456,0.1898333333333333,0.0034682688605252136,0.11599999999999999,0.002760434748368456,0.0358,0.0008524474568362946,0.5186666666666667,0.00403429740544195
32.0,0.0,0.92,0.005729456053297411,0.9706596409849518,0.007524810241226433,0.921069051464085,0.005935714955226087,0.9201361478557263,0.005291680086809534,0.5174,0.0,0.952067997558253,0.011598479195038586,0.8903491818064682,0.002451526554624467,12500,2.6437456972827127e-05,6.411439625102483e-06,0.0045605381966588735,0.000438861016056159,0.0008455960077061995,6.104095822355022e-05,0.00032902995278687625,1.9788506464323592e-05,0.0001637108344729233,2.4150856645289617e-05,0.002442251807839158,0.00039637804218654426,0.0008027398453851055,2.6909389006490576e-05,2.6437456972827127e-05,6.411439625102483e-06,0.001971191157459649,0.0001301620690057507,0.3747717239500988,0.024656929588308573,0.0010073887078050315,9.10607232499704e-05,7.615986517824543e-05,6.2921532581947025e-06,2413.0,0.0,867.0,0.0,935.0,0.0,605.0,0.0,180.0,0.0,600.0,0.0,350.0,0.0,2413.0,0.0,1637.0,0.0,5000.0,3,0.0,9.625198040049992e-05,8.505218793337984e-06,0.9140299158093653,0.011091987508759756,0.6639081171618127,0.04387752822229808,0.0035244261899782456,0.0002905758343411933,active_base10000,0.8492527885301114,0.0124448549939523,binary_entropy,0.48346666666666666,0.005140099436997525,0.14343999999999998,0.0030658549650410187,0.18698666666666666,0.00460276245555017,0.13717333333333334,0.0021568701604150636,0.04893333333333333,0.000606923022759521,0.5165333333333334,0.005140099436997528
32.0,0.0,0.9234,0.0072129513145914505,0.9724114424866422,0.006020256085433254,0.9246566762211709,0.00725904941320751,0.9231043908215387,0.007157414438193719,0.5174,0.0,0.9604831828135239,0.009041560589414993,0.8885452905553408,0.006637931644061972,15000,2.233293938157291e-05,7.730157372368038e-06,0.005175344678497837,0.001322013896128329,0.0009386091439029867,0.00011965840991392577,0.00035559688256427786,8.43949840149925e-05,0.0001842551653024987,5.152359071833167e-05,0.0022002957579363488,0.00020373376914729126,0.0008344694905689514,4.0307797477866064e-05,2.233293938157291e-05,7.730157372368038e-06,0.0024439118222674486,0.0007576426780768363,0.3763252813287699,0.05354823972858633,0.0011333629624480982,0.00026706697925724636,7.616808276604085e-05,1.9779463712984445e-05,2413.0,0.0,867.0,0.0,935.0,0.0,605.0,0.0,180.0,0.0,600.0,0.0,350.0,0.0,2413.0,0.0,1637.0,0.0,5000.0,3,0.0,9.455380064155295e-05,1.6144424915605187e-05,0.8782603747511416,0.04771838779614267,0.6570757706898284,0.0705155496771596,0.004737584056321705,0.002061923967117387,active_base10000,0.8514093093523721,0.011768470790149704,binary_entropy,0.4874222222222222,0.0036556737569542275,0.1234,0.0022231109334044127,0.18637777777777775,0.0021924674638970016,0.14693333333333333,0.0021929178937864684,0.05586666666666667,0.000949073622402784,0.5125777777777778,0.003655673756954249
32.0,0.0,0.8927333333333333,0.0036012343562851815,0.9556196936738267,0.0022906464674668277,0.8937251902877795,0.0038381449260162888,0.8930290712370773,0.0029197163603404837,0.5174,0.0,0.9227960273776308,0.009952506069586005,0.8652235536657646,0.004599038344949068,3000,4.251022516136299e-05,6.6477239748385015e-06,0.004089720028516624,0.0008373453323669128,0.0010480656400549185,0.0001079337205573781,0.0004072357493319684,2.437252441348089e-05,0.00020984287382905234,2.8681308182403745e-05,0.0022136355830522803,0.00041089687080331217,0.0008574832280863028,1.9003126241929698e-05,4.251022516136299e-05,6.6477239748385015e-06,0.0019435415419357105,0.00037864733558206807,0.4721967338286979,0.026570926117499758,0.0009824910314249402,0.00016088987522605517,0.00010483173021687738,1.6996672683188843e-05,2413.0,0.0,867.0,0.0,935.0,0.0,605.0,0.0,180.0,0.0,600.0,0.0,350.0,0.0,2413.0,0.0,1637.0,0.0,5000.0,3,0.0,0.00014629033358738011,1.0913321781536189e-05,0.899016570018444,0.033419284834599834,0.8292651680635889,0.023967985176204326,0.003198130717255394,0.0009633770806328653,active_base3000,0.8292456250098249,0.0020215736340281334,binary_entropy,0.4814444444444444,0.005717635702341609,0.17966666666666667,0.0019051586888313694,0.18355555555555556,0.0034029761846919,0.11855555555555557,0.007390350732584841,0.03677777777777778,0.003937787810370967,0.5185555555555555,0.005717635702341563
32.0,0.0,0.9131999999999999,0.006864400920692221,0.9623400723211839,0.0057235777409251004,0.9145952914817962,0.006883956508602598,0.9124717709293307,0.00698303149746564,0.5174,0.0,0.9540344090455752,0.010736408620362967,0.8745007086715629,0.010179916101071374,5000,2.698070651491839e-05,6.811634704615753e-06,0.005171698946911739,0.0006810527593778756,0.0010153452920349084,0.00010202297921482752,0.000373172640851142,6.114234328159216e-06,0.00017637568199513508,1.3952445799174807e-05,0.002243136149591578,0.0003467553588961507,0.0008657537439076506,1.158375279363745e-05,2.698070651491839e-05,6.811634704615753e-06,0.0024690485066442016,0.0002749968640812334,0.41024776657515033,0.0031996639250375515,0.001151166470063936,0.0001306383141034015,8.151443927317814e-05,5.406512147441555e-06,2413.0,0.0,867.0,0.0,935.0,0.0,605.0,0.0,180.0,0.0,600.0,0.0,350.0,0.0,2413.0,0.0,1637.0,0.0,5000.0,3,0.0,0.00010947586857362628,9.330651125637439e-06,0.8680089310583029,0.03338381559192137,0.7393983864563181,0.02517774578087496,0.004701851005841153,0.0007100644548214797,active_base3000,0.8450731087149244,0.011435389237725576,binary_entropy,0.492,0.0016970562748477365,0.1146,0.00269814751264641,0.17966666666666664,0.0042468288823021266,0.1544,0.005062278801751892,0.05933333333333333,0.0006599663291074429,0.508,0.0016970562748476843
32.0,0.0,0.9284,0.00506227880175191,0.9684594564735011,0.0036326637514985213,0.929683644080327,0.0050718556873605115,0.9280727393951818,0.0051008171226751674,0.5174,0.0,0.9662932695769711,0.00689235328983151,0.8927973199329983,0.006470753526344417,7500,1.594785705587644e-05,4.747342623941342e-06,0.005480959430710777,0.0007935385171015954,0.0010006407606888233,7.984307539634645e-05,0.0003057896650919771,4.304670780479508e-05,0.0001450873794661623,3.4518781603537376e-05,0.002822038953441582,0.00039139741824639784,0.0008580705687045798,4.7129771904087966e-05,1.594785705587644e-05,4.747342623941342e-06,0.002385559769238422,0.0006227380104992938,0.3651907964437455,0.036306301484075085,0.0011874383184861358,0.0001603252153270542,6.892633912987851e-05,1.2461623203305264e-05,2413.0,0.0,867.0,0.0,935.0,0.0,605.0,0.0,180.0,0.0,600.0,0.0,350.0,0.0,2413.0,0.0,1637.0,0.0,5000.0,3,0.0,8.52701611856446e-05,8.742398461441021e-06,0.8573337415968894,0.019769155615060135,0.6587673159662146,0.03909275217756517,0.004696004049793098,0.0012049843003459127,active_base3000,0.857071780426871,0.014586659157748798,binary_entropy,0.4932888888888889,0.0033981839739760603,0.09071111111111112,0.0009130061592966292,0.1822222222222222,0.0003823255674241198,0.16817777777777776,0.002868647033440874,0.06559999999999999,0.0020396078054371143,0.5067111111111111,0.003398183973976018
32.0,0.0,0.9334000000000001,0.0018832595855767112,0.9731492426588294,0.0017326570596085007,0.9344783306375352,0.0018961136607550616,0.9335020885705804,0.0018727378492816424,0.5174,0.0,0.9655858221669567,0.0031095708234474832,0.9034918180646824,0.0027211328542639827,10000,1.416143495196441e-05,6.794589258768114e-07,0.007064434326572915,0.0008924465020054632,0.0009993193564029692,9.340120447020083e-05,0.0003005323501536271,1.3698917331077485e-05,0.00014062483492135991,1.4050994368419901e-05,0.0026484319235846165,0.0006457685143622019,0.0008096676514260334,3.3288354126790924e-05,1.416143495196441e-05,6.794589258768114e-07,0.003295002974559805,0.00028948898298236815,0.36465033453026824,0.019806149370459474,0.0014601068488086745,0.00016789468919491284,6.908502473379485e-05,9.394813164808188e-07,2413.0,0.0,867.0,0.0,935.0,0.0,605.0,0.0,180.0,0.0,600.0,0.0,350.0,0.0,2413.0,0.0,1637.0,0.0,5000.0,3,0.0,7.836968563227224e-05,1.7717807802967926e-06,0.8169809463408101,0.024044502824885843,0.6313458039615581,0.02215628111280817,0.006694698021772634,0.0008799996386315534,active_base3000,0.877205100080204,0.005490342474451331,binary_entropy,0.4855666666666667,0.009365658308712499,0.08360000000000001,0.007671158104658428,0.19140000000000001,0.0026919633479426676,0.17096666666666668,0.002013840995599097,0.06846666666666666,0.0002624669291337281,0.5144333333333333,0.009365658308712523
32.0,0.0,0.9358666666666667,0.002362672686222581,0.9732042425992908,0.008119005193737773,0.9370107041097717,0.002206666537681287,0.9358371491456473,0.002651878477267932,0.5174,0.0,0.9698956135117728,0.0027808978993348523,0.904136064940085,0.006979308111815917,12500,1.3764433062078345e-05,1.1123674529257177e-06,0.007365947270467635,0.0013868565969691242,0.000979232744092135,0.00015325045857884337,0.0003005038249013411,3.5830437272458105e-05,0.0001597000721613021,5.991846471594409e-06,0.0024825507714063455,0.0003112780917747791,0.0008160525322014187,6.268621276207966e-06,1.3764433062078345e-05,1.1123674529257177e-06,0.0035047409145764364,0.0007232781614368335,0.35129540031368683,0.029217629568248686,0.0015091246606509451,0.00027246419980182676,6.643088329383318e-05,4.078801105269579e-06,2413.0,0.0,867.0,0.0,935.0,0.0,605.0,0.0,180.0,0.0,600.0,0.0,350.0,0.0,2413.0,0.0,1637.0,0.0,5000.0,3,0.0,7.445829233679709e-05,5.288261014625183e-06,0.8261618481862726,0.04446736009631182,0.6187114458316861,0.042222323517285845,0.007078357843949449,0.0014210369789001008,active_base3000,0.8870591520263659,0.004757554895571724,binary_entropy,0.4834666666666667,0.011134347259219503,0.07554666666666666,0.006070284635464429,0.19440000000000002,0.004728805345962134,0.17546666666666666,0.0008499934640271583,0.07112,0.0013902517757586226,0.5165333333333333,0.011134347259219503
32.0,0.0,0.9358,0.0021416504538945267,0.9724804861012215,0.005035170276196635,0.9370810025773612,0.0020559895553906612,0.9355229933190295,0.002325028595961156,0.5174,0.0,0.9736716223604276,0.0019391413440942766,0.9002705836876691,0.004919954411039027,15000,1.2132804923657407e-05,2.7075009125371894e-06,0.007194153374377027,0.00016060313502249725,0.0010559041325084596,3.0422019884400686e-05,0.0003130098863492592,1.0325141707603385e-05,0.00015340254392823583,1.6802528939759877e-05,0.002512822712626909,0.0007181471358676943,0.0008355417324020902,2.633645936057272e-05,1.2132804923657407e-05,2.7075009125371894e-06,0.0034462135276186923,0.00033718331350353716,0.37443388255014504,0.021769537948089564,0.0014941722473818923,2.8564567835597786e-05,6.430289310325558e-05,2.835630679883565e-06,2413.0,0.0,867.0,0.0,935.0,0.0,605.0,0.0,180.0,0.0,600.0,0.0,350.0,0.0,2413.0,0.0,1637.0,0.0,5000.0,3,0.0,7.910445092165575e-05,5.644783013455235e-06,0.8051919056656246,0.01633275995219237,0.6414453875410656,0.018030821559204838,0.006854094994800136,0.0005154118905768573,active_base3000,0.8711434607017382,0.014836883825634167,binary_entropy,0.5095333333333333,0.004218829045898732,0.06555555555555555,0.004416243865157722,0.18457777777777776,0.0030450121125263348,0.16893333333333335,0.001341088557299076,0.0714,0.0010873004286866778,0.49046666666666666,0.004218829045898687
32.0,0.0,0.9028666666666666,0.005706915882408694,0.9634776366237235,0.005128338471416057,0.9040194704061072,0.005607427909859504,0.9026683703695907,0.006217706635688665,0.5174,0.0,0.9371810078097328,0.01113462602369592,0.870892926169308,0.01467865291538269,5000,3.5291287175670306e-05,6.871568349297522e-06,0.003797149942576138,0.0005715117981798497,0.0009504281919664306,3.1786242564236794e-05,0.00038187124060850094,3.058005589430716e-05,0.0001880289844303041,2.431968122354982e-05,0.0019636696091931407,0.00011215452420579411,0.0008409517192387129,4.8398404800404446e-05,3.5291287175670306e-05,6.871568349297522e-06,0.0018162014723385998,0.0002974099989127479,0.43461281659333406,0.020257987030786285,0.0009061629106845229,0.00010974914311076782,9.136109414005962e-05,7.271303331139233e-06,2413.0,0.0,867.0,0.0,935.0,0.0,605.0,0.0,180.0,0.0,600.0,0.0,350.0,0.0,2413.0,0.0,1637.0,0.0,5000.0,3,0.0,0.00012788943111612837,1.3314759207951347e-05,0.9191369602252716,0.011554260629874262,0.7654354572464744,0.03578634051952762,0.00291024032835727,0.0006139195856478485,active_base5000,0.841391726487669,0.00665446385675663,binary_entropy,0.48360000000000003,0.006659329295557224,0.17733333333333334,0.0033038697848970272,0.18466666666666667,0.0003771236166328231,0.11873333333333334,0.0040835714216302796,0.035666666666666666,0.0016679994670929068,0.5164,0.006659329295557198
32.0,0.0,0.9190666666666667,0.005084180257316684,0.9701273964154883,0.0012082401042727323,0.9203157658717679,0.004989474034703311,0.9187250679960739,0.0054049869974016835,0.5174,0.0,0.9560799889745457,0.010740824457604638,0.8844221105527638,0.013267106534001151,7500,2.3109901798159952e-05,5.24130415395706e-06,0.0050476041870583755,0.0004995333612295651,0.0009614095569898881,8.462273535740613e-05,0.000337200642335397,4.330159235244938e-05,0.00016718658588556708,2.000012936301569e-05,0.0026065717790741006,0.0007559023548097597,0.0008092083370443283,6.61397773480722e-05,2.3109901798159952e-05,5.24130415395706e-06,0.0022370951463821006,0.00027244756924020314,0.3805419317040653,0.03112112526833633,0.0011130109866152869,8.945915675948617e-05,7.365244476886801e-05,1.0463402314780251e-05,2413.0,0.0,867.0,0.0,935.0,0.0,605.0,0.0,180.0,0.0,600.0,0.0,350.0,0.0,2413.0,0.0,1637.0,0.0,5000.0,3,0.0,9.79942848035359e-05,9.57981981528997e-06,0.875981384526113,0.0030931487620010356,0.6899082304292875,0.031151085681788575,0.004164973208271618,0.0004353470186806073,active_base5000,0.8493716333668653,0.00489366308912583,binary_entropy,0.4912888888888889,0.005986981761896716,0.12297777777777778,0.0012139111363331247,0.17946666666666666,0.0013063945294843537,0.15017777777777777,0.004856864812043788,0.05608888888888889,0.0011991766722872952,0.508711111111111,0.0059869817618967165
32.0,0.0,0.9291999999999999,0.004390899680020016,0.9723315857769728,0.008623679384091523,0.9305403615995115,0.004339337333470085,0.9287553317269142,0.004543771574491603,0.5174,0.0,0.968654574277409,0.0034902422035060876,0.8920242236825152,0.006090092667489516,10000,1.5055735161762591e-05,2.739105476183707e-06,0.005683741658552854,0.001030931739989217,0.0009587821211928706,9.403301678677973e-05,0.0003093218930809106,1.3880443262259403e-05,0.00014093655733575958,1.6863931248605137e-05,0.002250168346508619,0.0005433827648666287,0.0008486270235457319,2.5402814201545406e-05,1.5055735161762591e-05,2.739105476183707e-06,0.0026815230059675428,0.0004092463963805257,0.36219835943224293,0.028127510387323057,0.0012146206231720758,0.00019934659848524242,6.596660508269754e-05,8.020765485246116e-06,2413.0,0.0,867.0,0.0,935.0,0.0,605.0,0.0,180.0,0.0,600.0,0.0,350.0,0.0,2413.0,0.0,1637.0,0.0,5000.0,3,0.0,8.44504794738954e-05,5.803019280688521e-06,0.8625841834739908,0.02435128002508949,0.6472606532449148,0.036844124679385276,0.005116094474543796,0.0010644045150602665,active_base5000,0.8481423677496945,0.011166946386790366,binary_entropy,0.48303333333333337,0.00611137373173078,0.1079,0.006223075338340892,0.18776666666666667,0.004340762861781585,0.15833333333333335,0.004873283173476476,0.06296666666666667,0.0012119772641798587,0.5169666666666667,0.006111373731730782
32.0,0.0,0.9326,0.0028472208672083795,0.9728817186765862,0.007183912127875075,0.934053656339974,0.0027244986509359537,0.9319579600144842,0.0031336007319884875,0.5174,0.0,0.9753612373378688,0.0015449706095586675,0.8922819224326762,0.00640888035843107,12500,1.1934031073374142e-05,4.5823428992236704e-07,0.00608431662730174,0.0007194539436380627,0.0009601231669542073,9.877358941559676e-05,0.0002829938425468136,5.382629446437316e-06,0.0001309790270458674,1.1370986295219027e-05,0.0031218810049088255,0.0010767643413132253,0.0008286043382878215,4.046729554384071e-05,1.1934031073374142e-05,4.5823428992236704e-07,0.0025683964906755273,0.00030956312897624505,0.34892641282590703,0.014963421294591973,0.0012792803987123848,0.00013607935945494972,6.0429794151180736e-05,1.6677797314116025e-06,2413.0,0.0,867.0,0.0,935.0,0.0,605.0,0.0,180.0,0.0,600.0,0.0,350.0,0.0,2413.0,0.0,1637.0,0.0,5000.0,3,0.0,7.67889688681532e-05,1.9392272468712983e-06,0.835234989523831,0.0321718642626701,0.6276380488252236,0.020975633931211556,0.005016296422878688,0.0008985745748463402,active_base5000,0.8752220336968812,0.010035579250555758,binary_entropy,0.48216,0.005658362542879931,0.09458666666666667,0.0031505061321776403,0.1896266666666667,0.0020030199422094892,0.16621333333333332,0.0029749771240950478,0.06741333333333334,0.001169083211561763,0.51784,0.00565836254287993
32.0,0.0,0.9322666666666667,0.00530994873379727,0.9692381595140311,0.0058681432453224595,0.9336618485116883,0.004962631935840508,0.9316838970124746,0.0061017337500349255,0.5174,0.0,0.9734711209352985,0.006280325182515713,0.8935704161834815,0.015540110700295059,15000,1.2109824673214261e-05,1.509290492769054e-06,0.005911834447380345,0.00021374426696784503,0.0010188592661625516,2.222246121687905e-05,0.0003311368810741345,1.493347361522271e-05,0.00016043901511945656,1.3608787882377662e-05,0.002186410954541584,0.00027372726077724634,0.0008367267136151534,5.2106245133233325e-05,1.2109824673214261e-05,1.509290492769054e-06,0.0028727610220047914,5.884896133465775e-05,0.36604859179159793,0.017477744023502606,0.0012673263444897128,3.588089120282496e-05,6.52380840620026e-05,3.6124375607245594e-06,2413.0,0.0,867.0,0.0,935.0,0.0,605.0,0.0,180.0,0.0,600.0,0.0,350.0,0.0,2413.0,0.0,1637.0,0.0,5000.0,3,0.0,8.417198168684923e-05,8.928182113610457e-06,0.8501859259747794,0.003972373656347229,0.6429132751892369,0.031048818370610177,0.005143850770016334,0.0003017944111880424,active_base5000,0.8700827068993081,0.013306036542451759,binary_entropy,0.49222222222222217,0.004167718385784941,0.08642222222222222,0.002287701957623325,0.18964444444444442,0.003290540126026075,0.16377777777777777,0.0027661088237253633,0.06793333333333333,0.0013410885572990767,0.5077777777777778,0.004167718385784942
32.0,0.0,0.9113333333333333,0.006553031529164348,0.9699414111799287,0.005160058114327394,0.9128053371087855,0.0064244971163088345,0.9103618737185344,0.006958383835836713,0.5174,0.0,0.9540766178971228,0.003172804007380512,0.8705063780440665,0.010124314537076748,10000,2.3059241160897456e-05,2.693296205949505e-06,0.003020309475822772,0.00020797034828444214,0.0008426568734116189,3.2157836204779096e-05,0.0003286126274555513,2.6428111751427104e-05,0.00013724661004875177,1.2586784108021742e-05,0.001779255590390676,0.000169886362570802,0.0008478964165323484,1.2934743820456124e-05,2.3059241160897456e-05,2.693296205949505e-06,0.0013840503491611873,8.458070169837381e-05,0.3846049423505782,0.017713663664919787,0.0007371298941037673,3.119712723616642e-05,7.46655756150479e-05,2.2601860241742432e-06,2413.0,0.0,867.0,0.0,935.0,0.0,605.0,0.0,180.0,0.0,600.0,0.0,350.0,0.0,2413.0,0.0,1637.0,0.0,5000.0,3,0.0,0.00010861257737128953,1.1341225722199834e-05,0.9426099782761552,0.008540417592747231,0.6945387154379964,0.03999502894684876,0.0020353659472344544,0.0002184951914757927,active_base10000,0.8529756656390264,0.008390146672394922,binary_uncertainty,0.48133333333333334,0.004034297405441926,0.17703333333333335,0.0036917325050562456,0.18983333333333333,0.0034682688605252136,0.11599999999999999,0.0027604347483684557,0.0358,0.0008524474568362946,0.5186666666666667,0.00403429740544195
32.0,0.0,0.9194,0.005413563213509848,0.9721259767762485,0.00775790242266911,0.921009539392586,0.005509201229763746,0.9182522105653911,0.005290677995065188,0.5174,0.0,0.9663230071575243,0.008582899971776898,0.874758407421724,0.0034717674488616013,12500,1.876987901322373e-05,2.7013922291843256e-06,0.0038334568015873974,0.0001197261803494611,0.0008567243990418218,5.0581695783359485e-05,0.0003210942890831739,2.3521867947457223e-05,0.00013834042008066712,3.267091178805063e-05,0.0020079006274579254,0.0005538028384814774,0.0008443696463402802,1.5662584120019714e-05,1.876987901322373e-05,2.7013922291843256e-06,0.0017370421062286887,0.00018774183578995602,0.3684190588841511,0.02263554379706087,0.0008778198797298252,3.105834920404752e-05,6.460050281020813e-05,3.5251361553736617e-06,2413.0,0.0,867.0,0.0,935.0,0.0,605.0,0.0,180.0,0.0,600.0,0.0,350.0,0.0,2413.0,0.0,1637.0,0.0,5000.0,3,0.0,9.721158950903168e-05,7.427930900236992e-06,0.9153663415286196,0.01237908591945938,0.6625897023481757,0.047427984999624626,0.0028020513041592293,0.00017518190147011714,active_base10000,0.8560365988174637,0.01896371085050848,binary_uncertainty,0.49304,0.00532706298066768,0.14282666666666666,0.002982139425908114,0.17890666666666666,0.0031034317922082446,0.13533333333333333,0.0030709535254633135,0.04989333333333334,0.0025752324598416793,0.50696,0.005327062980667699
32.0,0.0,0.9208000000000002,0.008589916569249472,0.9711227351438353,0.006372040266772994,0.9224135597173602,0.00816468867796907,0.9195207115382403,0.009883387333842432,0.5174,0.0,0.968085566628353,0.00926430777489639,0.8760469011725293,0.022206246860841314,15000,1.697155334187172e-05,3.351715744156567e-06,0.004850930810638869,0.00026244470960074836,0.0009250610468023787,9.470604589859486e-05,0.00034416186552168075,6.009435976625643e-05,0.0001618295122672806,2.559281423368408e-05,0.002214625369665934,8.421068190091005e-05,0.0008443991693174945,4.925642008197539e-05,1.697155334187172e-05,3.351715744156567e-06,0.0022502879666293023,0.00021654081211501457,0.37477735668267087,0.04071326826271324,0.0010697977381293577,6.88829960100283e-05,6.738135637836724e-05,7.1054875838103305e-06,2413.0,0.0,867.0,0.0,935.0,0.0,605.0,0.0,180.0,0.0,600.0,0.0,350.0,0.0,2413.0,0.0,1637.0,0.0,5000.0,3,0.0,9.630455389002158e-05,1.5877413230328516e-05,0.8749851347591909,0.02930198282599585,0.6646130127509468,0.06693662131489661,0.004150884002038822,0.0004450501127600826,active_base10000,0.8571786104471443,0.012567778488727673,binary_uncertainty,0.4978666666666666,0.0073480660090988765,0.12284444444444444,0.0028054620446462315,0.1808,0.003459394080963809,0.14259999999999998,0.003597530016861882,0.055888888888888884,0.0020142700788666054,0.5021333333333332,0.007348066009098858
32.0,0.0,0.8927333333333333,0.0036012343562851815,0.9556196936738267,0.0022906464674668277,0.8937251902877795,0.0038381449260162883,0.8930290712370774,0.0029197163603404837,0.5174,0.0,0.9227960273776308,0.009952506069586005,0.8652235536657648,0.004599038344949068,3000,4.251022516136299e-05,6.6477239748385015e-06,0.004089720028516624,0.0008373453323669128,0.0010480656400549185,0.0001079337205573781,0.0004072357493319684,2.437252441348089e-05,0.00020984287382905234,2.8681308182403745e-05,0.0022136355830522803,0.00041089687080331217,0.0008574832280863026,1.9003126241929698e-05,4.251022516136299e-05,6.6477239748385015e-06,0.0019435415419357105,0.00037864733558206807,0.4721967338286979,0.026570926117499758,0.0009824910314249402,0.0001608898752260552,0.00010483173021687738,1.699667268318884e-05,2413.0,0.0,867.0,0.0,935.0,0.0,605.0,0.0,180.0,0.0,600.0,0.0,350.0,0.0,2413.0,0.0,1637.0,0.0,5000.0,3,0.0,0.00014629033358738011,1.0913321781536189e-05,0.899016570018444,0.033419284834599834,0.8292651680635889,0.023967985176204326,0.003198130717255393,0.0009633770806328653,active_base3000,0.8292456250098249,0.0020215736340281334,binary_uncertainty,0.4814444444444444,0.005717635702341609,0.17966666666666664,0.0019051586888313697,0.18355555555555556,0.0034029761846919,0.11855555555555557,0.007390350732584841,0.03677777777777778,0.003937787810370967,0.5185555555555555,0.005717635702341563
32.0,0.0,0.9076666666666666,0.003981066300488954,0.9618548980891152,0.00434744477868907,0.9093827655710839,0.0038592046357190323,0.9059891280718505,0.004404551856296091,0.5174,0.0,0.9571332864407941,0.0024410086688093978,0.8600695786625434,0.007737402291458565,5000,2.38073012320638e-05,2.323341309423911e-06,0.005488582323377174,0.0012503766883092738,0.0011223333952405988,0.00010965855264553219,0.0003858324554159758,9.606694296013208e-06,0.0001701933978237854,7.4591867218335915e-06,0.002346125993201314,0.0003683392761149093,0.0008943064626308566,2.4524927620880504e-05,2.38073012320638e-05,2.323341309423911e-06,0.0026581326745334934,0.0005880717066054462,0.43728786109856355,0.022591858795802902,0.0012258986127851772,0.0002385235216114533,8.028389556595054e-05,5.601687388654802e-06,2413.0,0.0,867.0,0.0,935.0,0.0,605.0,0.0,180.0,0.0,600.0,0.0,350.0,0.0,2413.0,0.0,1637.0,0.0,5000.0,3,0.0,0.00012284540960415724,6.813524542883158e-06,0.8252449653578741,0.06087563423545332,0.7780621193450914,0.022463620844840493,0.005697407866871087,0.0020556236916783313,active_base3000,0.8390119519284779,0.009568840836353867,binary_uncertainty,0.511,0.006951258878793073,0.11213333333333332,0.0015084944665312988,0.1672,0.0035814336049502103,0.15093333333333334,0.0072154155959461026,0.05873333333333333,0.0036307330144506934,0.48900000000000005,0.006951258878793098
32.0,0.0,0.9270666666666667,0.006433937795437214,0.9702150225342233,0.004574064741689841,0.9287017616480929,0.006237748121184715,0.9259395427428073,0.006985935876608078,0.5174,0.0,0.9749137241885188,0.0010088688279202495,0.8817162736760727,0.011880722903989685,7500,1.2073182346947054e-05,5.069685087419836e-07,0.005709131756904081,0.00035172144035896505,0.0010596154970300984,8.96907052812877e-05,0.00031474960205676037,3.260576246025131e-05,0.0001333613877227179,1.268947020581464e-05,0.002614930099992484,0.00028803928821674845,0.0008767056224464096,3.383825426522146e-05,1.2073182346947054e-05,5.069685087419836e-07,0.0026140386402820257,0.00016924559802921946,0.37467027496985494,0.03145991570954614,0.0012368237741993185,8.201474249825433e-05,6.069311325518356e-05,3.680077690080188e-06,2413.0,0.0,867.0,0.0,935.0,0.0,605.0,0.0,180.0,0.0,600.0,0.0,350.0,0.0,2413.0,0.0,1637.0,0.0,5000.0,3,0.0,9.379461322496473e-05,1.0261469657225337e-05,0.8543650881941596,0.018362567647072472,0.6814693996201182,0.043486599795444475,0.004892587848382248,0.000594214870340944,active_base3000,0.8776424426576975,0.02053753475499252,binary_uncertainty,0.5385333333333333,0.0037444279590801,0.08262222222222222,0.002676278971968821,0.16035555555555556,0.006517744061738003,0.15355555555555556,0.006240924274694343,0.06493333333333333,0.00607801137068879,0.4614666666666667,0.003744427959080096
32.0,0.0,0.9338000000000001,0.006825442598591443,0.9736169023467514,0.004625332604796713,0.9349763737877118,0.0065077099847759105,0.9336456870636507,0.0074887462595674475,0.5174,0.0,0.9687436576776166,0.002630196653761038,0.9011725293132328,0.015737567939171585,10000,1.4063046488566217e-05,2.242347879278134e-06,0.007585704801177818,0.0004397582400780915,0.001075034181167171,3.9252154362098864e-05,0.0003036229129521427,2.3805401417037197e-05,0.0001583100776144348,6.850063917785339e-07,0.0029748927481907435,0.0008115392696884985,0.0008227899982793607,4.066034662938656e-05,1.4063046488566217e-05,2.242347879278134e-06,0.0034949532987213782,0.00014565109513209112,0.36877415295596433,0.015682342288312882,0.0015656169658992056,8.01360450566546e-05,6.807725317988418e-05,2.0744283854426437e-06,2413.0,0.0,867.0,0.0,935.0,0.0,605.0,0.0,180.0,0.0,600.0,0.0,350.0,0.0,2413.0,0.0,1637.0,0.0,5000.0,3,0.0,7.709030114685411e-05,7.111894793710644e-06,0.8188454921451203,0.003447729340781523,0.6400483063180257,0.028419985312690285,0.0072707535193913845,0.0004499459376506255,active_base3000,0.8694927355797093,0.01773640311381185,binary_uncertainty,0.5466,0.009706698717895777,0.0669,0.00045460605656619707,0.16196666666666665,0.0035036488915922447,0.15873333333333334,0.005094005191289939,0.06580000000000001,0.0034322004603461005,0.45339999999999997,0.009706698717895802
32.0,0.0,0.9334666666666666,0.005118159391378493,0.9721496320904469,0.009395953470232024,0.9345102359428029,0.004822495369117111,0.9335850403846647,0.0056806381041649276,0.5174,0.0,0.9647522412994719,0.004004697423197676,0.9045226130653266,0.013582459943929344,12500,1.5593094034819514e-05,2.8973387472181748e-06,0.009906262236242322,0.0016104219009653528,0.0011878894163686786,0.00022615532982453584,0.0003130531089257131,4.034917825194192e-05,0.00015834018352902903,7.678748727759037e-06,0.004223904961196846,0.001311300360484105,0.0008240784083042482,2.6769865235927885e-05,1.5593094034819514e-05,2.8973387472181748e-06,0.004333863107780999,0.0005605229434932071,0.3958411342461874,0.04009420133970755,0.0019909860925936217,0.00032315962647217356,7.148323144671546e-05,5.587323656096954e-06,2413.0,0.0,867.0,0.0,935.0,0.0,605.0,0.0,180.0,0.0,600.0,0.0,350.0,0.0,2413.0,0.0,1637.0,0.0,5000.0,3,0.0,7.587004537787444e-05,7.055795526012535e-06,0.7941608921400057,0.04845025302195347,0.6542648006324202,0.05923342702693209,0.009249919112842432,0.0010355403273130117,active_base3000,0.8579953886238155,0.0072948012814523155,binary_uncertainty,0.5360266666666667,0.0023563436836666132,0.06144,0.002722351924347771,0.17010666666666666,0.0007654773383683936,0.16384,0.002053160165858146,0.06858666666666667,0.002536839678725395,0.46397333333333335,0.0023563436836666098
32.0,0.0,0.9240666666666667,0.021473911820832463,0.9679051585298527,0.014812980371462366,0.9257004469359239,0.02049274885449772,0.9222116319280497,0.024527431577877117,0.5174,0.0,0.97219308531841,0.006710088826049276,0.8787527380492204,0.04873198517777889,15000,1.790378466303808e-05,5.682163089471242e-06,0.007881689947239983,0.0011353066906774425,0.001220892375748692,0.0001347648968451491,0.0003481761988999672,1.4735832677915118e-05,0.00013680286723719611,9.696109256268761e-06,0.002688632282462196,0.0006597288344017128,0.0008276524630591638,4.674783727691451e-05,1.790378466303808e-05,5.682163089471242e-06,0.003853007294118048,0.0004404618068544248,0.45075910205965775,0.05802240646347702,0.001650686500882236,0.00021751502264704775,7.105572043049808e-05,5.079835386601152e-06,2413.0,0.0,867.0,0.0,935.0,0.0,605.0,0.0,180.0,0.0,600.0,0.0,350.0,0.0,2413.0,0.0,1637.0,0.0,5000.0,3,0.0,9.418219016836879e-05,2.881378839517919e-05,0.7905879805550047,0.028748431944679506,0.6954660139327747,0.056366049848154416,0.007407764543303092,0.0010776160120307273,active_base3000,0.8538178620567144,0.01698473781432812,binary_uncertainty,0.540711111111111,0.007811925040571343,0.05671111111111111,0.00199728210387745,0.17075555555555555,0.005250843553629391,0.16217777777777775,0.0017940918126168341,0.06964444444444444,0.0011942247860039462,0.45928888888888886,0.007811925040571388
32.0,0.0,0.9028666666666667,0.005706915882408694,0.9634776366237235,0.005128338471416057,0.9040194704061072,0.005607427909859504,0.9026683703695907,0.006217706635688665,0.5174,0.0,0.937181007809733,0.01113462602369592,0.870892926169308,0.014678652915382692,5000,3.5291287175670306e-05,6.871568349297521e-06,0.003797149942576137,0.0005715117981798497,0.0009504281919664306,3.1786242564236794e-05,0.00038187124060850094,3.058005589430716e-05,0.0001880289844303041,2.4319681223549818e-05,0.0019636696091931407,0.00011215452420579411,0.0008409517192387129,4.839840480040444e-05,3.5291287175670306e-05,6.871568349297521e-06,0.0018162014723385998,0.0002974099989127479,0.43461281659333406,0.020257987030786285,0.0009061629106845229,0.00010974914311076782,9.136109414005962e-05,7.271303331139234e-06,2413.0,0.0,867.0,0.0,935.0,0.0,605.0,0.0,180.0,0.0,600.0,0.0,350.0,0.0,2413.0,0.0,1637.0,0.0,5000.0,3,0.0,0.00012788943111612837,1.3314759207951347e-05,0.9191369602252716,0.011554260629874262,0.7654354572464744,0.03578634051952762,0.00291024032835727,0.0006139195856478485,active_base5000,0.8413917264876689,0.00665446385675663,binary_uncertainty,0.48360000000000003,0.006659329295557224,0.17733333333333334,0.0033038697848970272,0.18466666666666667,0.0003771236166328231,0.11873333333333332,0.0040835714216302796,0.03566666666666667,0.0016679994670929068,0.5164,0.006659329295557198
32.0,0.0,0.916,0.004744119166575276,0.9665496235894852,0.0027458539157122564,0.9175380552864741,0.00467102632122954,0.9149388588278682,0.005089418048649873,0.5174,0.0,0.9608454633455091,0.00789248425865222,0.8733410642958382,0.010209229629965408,7500,1.9525021473467874e-05,3.327655715351733e-06,0.005149283905967796,0.0006969310961739274,0.0009881322201953822,8.402046943098884e-05,0.0003164007732385094,2.8496485176605007e-05,0.00014117190529463886,1.7890278892240963e-05,0.0031657490474102205,0.0009483000774024331,0.000848638368709749,2.2173866784573325e-05,1.9525021473467874e-05,3.327655715351733e-06,0.0020822805898744966,0.00024356994470819772,0.3879139012745088,0.02393723709736672,0.0011304560119869147,0.00013410264312934458,6.817936006579355e-05,1.255204287988238e-05,2413.0,0.0,867.0,0.0,935.0,0.0,605.0,0.0,180.0,0.0,600.0,0.0,350.0,0.0,2413.0,0.0,1637.0,0.0,5000.0,3,0.0,0.00010035729853489745,8.569403209157845e-06,0.868683766036333,0.004707856227939627,0.7028457262741569,0.028031551492420186,0.004158270389876053,0.000550279446524302,active_base5000,0.8480676296987051,0.0037121235534084748,binary_uncertainty,0.5002666666666666,0.007056176700567361,0.12226666666666668,0.002119398936456247,0.1723111111111111,0.003345459425166009,0.14866666666666664,0.0035394077763670263,0.056488888888888894,0.0027741309394359545,0.49973333333333336,0.007056176700567341
32.0,0.0,0.9211333333333332,0.0046942044646090504,0.9699527315560236,0.0019462907038982204,0.9226241881301265,0.00473960327817493,0.920281118016911,0.004685354993544042,0.5174,0.0,0.9647321498529656,0.007383586850405809,0.8797835330498648,0.005475719459058337,10000,1.911111187783966e-05,5.473052693956638e-06,0.006560303512144106,0.0006995551680828682,0.0009693479545075516,3.7333249900402634e-05,0.0003435454224723876,3.795771216458355e-05,0.00016214713002748194,2.1955283103344e-05,0.0025609189178082185,0.0007152698265716564,0.0008373143288572682,1.1873618179951328e-05,1.911111187783966e-05,5.473052693956638e-06,0.003055310678502912,0.0005148224707702474,0.38216215386207947,0.026412148367409963,0.001375454011891094,0.0001353211493871931,6.833136527954291e-05,6.211015010152125e-06,2413.0,0.0,867.0,0.0,935.0,0.0,605.0,0.0,180.0,0.0,600.0,0.0,350.0,0.0,2413.0,0.0,1637.0,0.0,5000.0,3,0.0,9.40472033773049e-05,9.003252115208046e-06,0.8468832072895601,0.008830412460445707,0.6844526508459564,0.03430639231692533,0.00629253671551257,0.0012665196183691103,active_base5000,0.8475373756614948,0.0052927667069319765,binary_uncertainty,0.5131333333333333,0.011557777564143643,0.09883333333333333,0.0011440668201153704,0.1738333333333333,0.007472765366463897,0.15303333333333333,0.003980228915806499,0.06116666666666667,0.003940671121635109,0.4868666666666666,0.01155777756414365
32.0,0.0,0.9313333333333333,0.005495048275998612,0.9724298914957971,0.007871864136207041,0.9327088009996959,0.0052937458134308816,0.9308085809465879,0.0059263947936835926,0.5174,0.0,0.971833585242973,0.002241976989534778,0.8931838680582399,0.011302080793500022,12500,1.4310568943030826e-05,2.9744685858236387e-06,0.006747182260828243,0.0006214930351141956,0.0009933531158076861,7.208651605998934e-05,0.00029389763664487413,2.404651801596545e-05,0.00014493028729716084,3.1536728713425185e-05,0.0033904510394151856,0.0013166556141218561,0.0008324857978056565,5.612457248388305e-06,1.4310568943030826e-05,2.9744685858236387e-06,0.0028447446868789367,0.0003326200296495255,0.36111158078264244,0.012253988637978202,0.001403403821632289,0.00010929946316280448,6.292384690217052e-05,3.2532376355974812e-06,2413.0,0.0,867.0,0.0,935.0,0.0,605.0,0.0,180.0,0.0,600.0,0.0,350.0,0.0,2413.0,0.0,1637.0,0.0,5000.0,3,0.0,8.077129684586236e-05,5.668508757377683e-06,0.825975149518599,0.053541161270991726,0.6437257236063142,0.036373804387434934,0.0056629283702757756,0.0008641942458582714,active_base5000,0.8704390070735601,0.010394566023157486,binary_uncertainty,0.5145066666666667,0.006129041976977774,0.08512000000000002,0.0024079867109267866,0.17498666666666665,0.0035431561573765844,0.1604266666666667,0.0012330269889809986,0.06496,0.0008158431221748486,0.48549333333333333,0.006129041976977761
32.0,0.0,0.9315333333333333,0.005347481234708104,0.9696939114478531,0.004654548129198211,0.9328463275498494,0.004965802469236304,0.931099425833516,0.006211971744215574,0.5174,0.0,0.9704238135854486,0.007100426562457166,0.8951166086844479,0.016585071933724087,15000,1.2121668936242864e-05,2.450227744586812e-06,0.006422241478505008,0.0009627679233571589,0.001055693282825983,5.827364914809531e-05,0.00031927383461032407,2.2864373384933266e-05,0.00015068169490897507,8.6407938798281e-06,0.0028141298847046098,0.0009259833130167937,0.0008363715916047927,4.597707440929183e-05,1.2121668936242864e-05,2.450227744586812e-06,0.002928669498133509,0.00023046102661362464,0.3695878440872142,0.009595656058096393,0.0013609379086944302,0.00017037897023767346,6.824083296426882e-05,3.0409690719786876e-06,2413.0,0.0,867.0,0.0,935.0,0.0,605.0,0.0,180.0,0.0,600.0,0.0,350.0,0.0,2413.0,0.0,1637.0,0.0,5000.0,3,0.0,8.207388953360981e-05,7.927228550068928e-06,0.8421742784470713,0.020768709033251256,0.6480577804258013,0.028884553786064537,0.005493682678699915,0.0010699854225271876,active_base5000,0.8690481900259274,0.01101634909561673,binary_uncertainty,0.5202888888888889,0.001736179998633316,0.07773333333333333,0.0019051586888313588,0.17373333333333332,0.0013695092389449425,0.16135555555555556,0.001004188758017327,0.06688888888888889,0.0012582566815015192,0.47971111111111114,0.001736179998633305
32.0,0.0,0.9113333333333333,0.006553031529164348,0.9699414111799287,0.005160058114327394,0.9128053371087855,0.0064244971163088345,0.9103618737185344,0.006958383835836713,0.5174,0.0,0.9540766178971228,0.003172804007380512,0.8705063780440665,0.010124314537076748,10000,2.3059241160897456e-05,2.693296205949505e-06,0.003020309475822772,0.00020797034828444214,0.0008426568734116189,3.2157836204779096e-05,0.0003286126274555513,2.6428111751427104e-05,0.00013724661004875177,1.2586784108021742e-05,0.001779255590390676,0.000169886362570802,0.0008478964165323484,1.2934743820456124e-05,2.3059241160897456e-05,2.693296205949505e-06,0.0013840503491611873,8.458070169837381e-05,0.3846049423505782,0.017713663664919787,0.0007371298941037673,3.119712723616642e-05,7.46655756150479e-05,2.2601860241742432e-06,2413.0,0.0,867.0,0.0,935.0,0.0,605.0,0.0,180.0,0.0,600.0,0.0,350.0,0.0,2413.0,0.0,1637.0,0.0,5000.0,3,0.0,0.00010861257737128953,1.1341225722199834e-05,0.9426099782761552,0.008540417592747231,0.6945387154379964,0.03999502894684876,0.0020353659472344544,0.0002184951914757927,active_base10000,0.8529756656390264,0.008390146672394922,binary_variance,0.48133333333333334,0.004034297405441926,0.17703333333333335,0.0036917325050562456,0.18983333333333333,0.0034682688605252136,0.11599999999999999,0.0027604347483684557,0.0358,0.0008524474568362946,0.5186666666666667,0.00403429740544195
32.0,0.0,0.9195333333333333,0.008582669877271418,0.9704001534017758,0.008919793835218931,0.9207016999200045,0.008603559777804274,0.9193925450231335,0.008629609994097828,0.5174,0.0,0.9545085251748037,0.015708113451327513,0.887127947429455,0.015809140982305674,12500,2.898504687180614e-05,1.1056430375070043e-05,0.004055639692491813,0.0003550661543850748,0.0008746564133791315,0.00011610682434055933,0.00032342803372171743,3.534669626553269e-05,0.0001588747934501153,3.8080733779165645e-05,0.0019371665934330747,0.00030563049054843975,0.000815772740562036,3.9399734428754425e-05,2.898504687180614e-05,1.1056430375070043e-05,0.0019001187341881442,0.00023811819294972236,0.3892820915680309,0.029383185762180342,0.0009256511402448435,4.784935213219128e-05,8.197168426704593e-05,1.3666098717115843e-05,2413.0,0.0,867.0,0.0,935.0,0.0,605.0,0.0,180.0,0.0,600.0,0.0,350.0,0.0,2413.0,0.0,1637.0,0.0,5000.0,3,0.0,0.0001001165399693535,1.203033117438786e-05,0.9188485894058122,0.01458926083717854,0.6751598053769561,0.056618189588935414,0.0029980118298572264,0.0007281994501931175,active_base10000,0.8547293007811719,0.011777555178832132,binary_variance,0.46152,0.004715704259881723,0.15104,0.003873740655576554,0.20669333333333337,0.008182018224266075,0.13746666666666665,0.003188200467696821,0.043280000000000006,0.0005878775382679614,0.53848,0.004715704259881733
32.0,0.0,0.9263333333333333,0.0076460592609672185,0.9748305321009288,0.0070715979959278565,0.9272126249106051,0.00753436060960311,0.9268182447338965,0.007857046692675696,0.5174,0.0,0.953127776895661,0.004670056422841067,0.9019456255637159,0.010778772002764817,15000,2.7424258543610783e-05,5.936807433346785e-06,0.004304325513347606,0.000589984550583041,0.000888984281258459,3.615872300331195e-05,0.00032536400221952434,6.511792201692073e-05,0.00016906268653986043,3.4417069338278025e-05,0.002020501685500575,0.00032970376834972525,0.0008076760323318816,5.556168972203091e-05,2.7424258543610783e-05,5.936807433346785e-06,0.0020130356782849827,0.0003361184991282021,0.3721586909542072,0.036284761448883644,0.0009713003527669507,0.0001157888884141628,8.078369137365371e-05,1.1699378881819164e-05,2413.0,0.0,867.0,0.0,935.0,0.0,605.0,0.0,180.0,0.0,600.0,0.0,350.0,0.0,2413.0,0.0,1637.0,0.0,5000.0,3,0.0,8.856604925157709e-05,1.9061690325114078e-05,0.9073615864296452,0.016844346356874814,0.6455334134193641,0.06440317773576708,0.003487804990693781,0.0008225207430934226,active_base10000,0.8585829844873193,0.014001126655955725,binary_variance,0.4901333333333333,0.006635259351876674,0.13013333333333335,0.0010168943278797843,0.19402222222222223,0.009725466125488516,0.13871111111111112,0.003223218236866551,0.04700000000000001,0.0023456816114345584,0.5098666666666667,0.006635259351876649
32.0,0.0,0.8927333333333333,0.0036012343562851815,0.9556196936738267,0.0022906464674668277,0.8937251902877795,0.0038381449260162883,0.8930290712370774,0.0029197163603404837,0.5174,0.0,0.9227960273776308,0.009952506069586005,0.8652235536657648,0.004599038344949068,3000,4.251022516136299e-05,6.6477239748385015e-06,0.004089720028516624,0.0008373453323669128,0.0010480656400549185,0.0001079337205573781,0.0004072357493319684,2.437252441348089e-05,0.00020984287382905234,2.8681308182403745e-05,0.0022136355830522803,0.00041089687080331217,0.0008574832280863026,1.9003126241929698e-05,4.251022516136299e-05,6.6477239748385015e-06,0.0019435415419357105,0.00037864733558206807,0.4721967338286979,0.026570926117499758,0.0009824910314249402,0.0001608898752260552,0.00010483173021687738,1.699667268318884e-05,2413.0,0.0,867.0,0.0,935.0,0.0,605.0,0.0,180.0,0.0,600.0,0.0,350.0,0.0,2413.0,0.0,1637.0,0.0,5000.0,3,0.0,0.00014629033358738011,1.0913321781536189e-05,0.899016570018444,0.033419284834599834,0.8292651680635889,0.023967985176204326,0.003198130717255393,0.0009633770806328653,active_base3000,0.8292456250098249,0.0020215736340281334,binary_variance,0.4814444444444444,0.005717635702341609,0.17966666666666664,0.0019051586888313697,0.18355555555555556,0.0034029761846919,0.11855555555555557,0.007390350732584841,0.03677777777777778,0.003937787810370967,0.5185555555555555,0.005717635702341563
32.0,0.0,0.9050666666666666,0.000956846672960486,0.9585806394976574,0.0030568107941062414,0.9062755626240268,0.0008173516380900858,0.9047555550011207,0.0013810551661657096,0.5174,0.0,0.940658082392032,0.003730885161116748,0.8715371730447107,0.005559966244141586,5000,3.60249123905087e-05,2.9548704605949215e-06,0.00411855035412165,0.0005751892707141935,0.0009868228727949058,1.8863756926053956e-05,0.0003650707468812068,2.1996446659718164e-05,0.00018002948639374633,6.986498923605099e-06,0.0020625248109998515,7.030459016255839e-05,0.000872131132657868,7.2929661428679094e-06,3.60249123905087e-05,2.9548704605949215e-06,0.001957223499982008,0.0002951622376581167,0.4302027972798755,0.0013666304490663886,0.0009667327532198018,0.00010400943492384977,8.982502671036248e-05,6.749256561976305e-06,2413.0,0.0,867.0,0.0,935.0,0.0,605.0,0.0,180.0,0.0,600.0,0.0,350.0,0.0,2413.0,0.0,1637.0,0.0,5000.0,3,0.0,0.00011827602658058354,6.063391675865712e-07,0.9050202497558705,0.027178885349844056,0.7640867560046313,0.004778536681906252,0.003137833673735947,0.0009418463222435949,active_base3000,0.8355242165889686,0.006509948111125901,binary_variance,0.4317333333333333,0.009017513823419162,0.13853333333333337,0.007122421560739639,0.2293333333333333,0.013900919234192953,0.14966666666666667,0.01494374636948699,0.05073333333333333,0.006863105872869966,0.5682666666666667,0.009017513823419181
32.0,0.0,0.9210666666666666,0.0021746008573733148,0.9710836478075073,0.0033277672068210834,0.9217514245118074,0.0018602153177322363,0.9219863769671494,0.003175599325825197,0.5174,0.0,0.9434106380034736,0.014378752882082959,0.9020744749387966,0.018622189681886003,7500,2.8748531583513705e-05,5.346924987187049e-06,0.0053076829415645435,0.0015048446703186627,0.0009814283874964998,0.00013930848221894808,0.00028891713443268636,8.429765012973873e-06,0.00014127389021738765,1.2330231535941055e-05,0.002628707643214309,0.0009240105106069432,0.0008030475660689263,1.0957911466162415e-05,2.8748531583513705e-05,5.346924987187049e-06,0.002358784108224729,0.0005318633684021012,0.39838890047471337,0.03512938203586646,0.001157798205185522,0.00028362944311434223,8.391975764728461e-05,1.2122139455078841e-05,2413.0,0.0,867.0,0.0,935.0,0.0,605.0,0.0,180.0,0.0,600.0,0.0,350.0,0.0,2413.0,0.0,1637.0,0.0,5000.0,3,0.0,8.673704769109567e-05,2.0431459572129383e-06,0.8593166705754022,0.04718701681307593,0.663359181931541,0.010516967540797893,0.0044616410631097905,0.0016133277600160801,active_base3000,0.8513829370953173,0.0026803774152564385,binary_variance,0.4116444444444445,0.05003635221726176,0.16115555555555555,0.049190343326136796,0.23897777777777776,0.019141371391972726,0.13964444444444443,0.022156970867532665,0.048577777777777775,0.009269836921068777,0.5883555555555555,0.0500363522172618
32.0,0.0,0.9156666666666666,0.0060692302275952405,0.9660748619675038,0.0034838621796579408,0.9166398742199421,0.005996090251113189,0.9159342055555029,0.006661830122689785,0.5174,0.0,0.9458825255509707,0.01948279868864748,0.8886741399304213,0.02260783365707105,10000,2.99532926028776e-05,4.129528494498227e-06,0.00619111925674527,0.0011407778457566645,0.000911410407284119,5.0748934468999735e-05,0.00031161460459404544,1.0974551208382835e-05,0.0001533979946214872,1.682499113572088e-05,0.001843352393073524,0.00021553435336163748,0.000838793600006067,1.3326859077482487e-05,2.99532926028776e-05,4.129528494498227e-06,0.0030766147864226194,0.0006871143277241089,0.4026104402504387,0.021817219741619924,0.001301656979254162,0.00019776183350699405,8.531691734485018e-05,6.429787189418035e-06,2413.0,0.0,867.0,0.0,935.0,0.0,605.0,0.0,180.0,0.0,600.0,0.0,350.0,0.0,2413.0,0.0,1637.0,0.0,5000.0,3,0.0,9.470625861734793e-05,3.4362275351127344e-06,0.8370223379827556,0.035996186719419544,0.6950302190556384,0.01065754890465973,0.0063999048746481366,0.0019342128818530897,active_base3000,0.8490587059943481,0.0035778955422160717,binary_variance,0.4202666666666666,0.09558578462419097,0.1601,0.0793844233251503,0.2283666666666667,0.04525640531706226,0.13956666666666664,0.0177061822222886,0.0517,0.011527647924302107,0.5797333333333333,0.09558578462419097
32.0,0.0,0.9173333333333332,0.01490622539597321,0.967971024963405,0.01145973708597717,0.9184548989541628,0.013737826475413176,0.9166924383069368,0.0181446687919946,0.5174,0.0,0.9518872169669219,0.017436485507839883,0.8862260018038913,0.04736577336592647,12500,3.7310985461002724e-05,1.0518179710344518e-05,0.0056291337130006435,0.0011347867694292994,0.0009013327547074884,8.194387481110542e-05,0.0003086205379548034,2.8145333308974722e-05,0.00016570839981936138,7.516509022842384e-06,0.0021952864647705106,0.00046899759531175017,0.0007888686913544246,4.185532491152554e-05,3.7310985461002724e-05,1.0518179710344518e-05,0.0026551448206578163,0.0004345591368141608,0.41727805483848246,0.05034723438007886,0.00120595588003412,0.00019174094041160864,9.889370145780656e-05,1.921144246090991e-05,2413.0,0.0,867.0,0.0,935.0,0.0,605.0,0.0,180.0,0.0,600.0,0.0,350.0,0.0,2413.0,0.0,1637.0,0.0,5000.0,3,0.0,9.231372239294576e-05,1.4551462819116168e-05,0.8582422805355349,0.03759187613094944,0.6851423577248302,0.06293704037940369,0.004792289891633965,0.0011078858762420506,active_base3000,0.8492065739042628,0.01527631808448259,binary_variance,0.40005333333333337,0.11836037775464482,0.20056,0.14277953915039787,0.21456,0.017986661724733694,0.13445333333333334,0.02836804461988093,0.05037333333333333,0.015257621774779392,0.5999466666666667,0.11836037775464485
32.0,0.0,0.9162666666666667,0.018093338246130502,0.9700516246528529,0.013716418528343504,0.9174891427180639,0.01676604731968183,0.9151417955362926,0.02201146544308869,0.5174,0.0,0.9538352755842276,0.019000958800931146,0.8823605205514754,0.05495724171462133,15000,3.1650884376760867e-05,8.906724475357639e-06,0.006210385120326335,0.0018594275830245341,0.001031503374749169,8.639319085977697e-05,0.00030931397543418495,1.88622729345999e-05,0.0001544829605648859,2.911021798826703e-05,0.002076354842320774,0.00026054510260762367,0.0008422434297221231,5.617439558284795e-05,3.1650884376760867e-05,8.906724475357639e-06,0.0030685420506765793,0.0009262304877624074,0.4352251519344243,0.07399266305415272,0.0013280350053507782,0.0003095756471586785,0.0001022688372055806,2.314188588083965e-05,2413.0,0.0,867.0,0.0,935.0,0.0,605.0,0.0,180.0,0.0,600.0,0.0,350.0,0.0,2413.0,0.0,1637.0,0.0,5000.0,3,0.0,9.158405000635439e-05,1.745919496488236e-05,0.8512862683360994,0.059776087342879654,0.6929509020024979,0.0724851754905514,0.005592869840144859,0.0026018793064875837,active_base3000,0.8502477152259084,0.021171845996356752,binary_variance,0.4098888888888889,0.1345479381273492,0.21184444444444442,0.1730942054218375,0.19895555555555555,0.01012665471922832,0.12922222222222224,0.03311686750857103,0.050088888888888884,0.01698254732306808,0.5901111111111111,0.1345479381273492
32.0,0.0,0.9028666666666667,0.005706915882408694,0.9634776366237235,0.005128338471416057,0.9040194704061072,0.005607427909859504,0.9026683703695907,0.006217706635688665,0.5174,0.0,0.937181007809733,0.01113462602369592,0.870892926169308,0.014678652915382692,5000,3.5291287175670306e-05,6.871568349297521e-06,0.003797149942576137,0.0005715117981798497,0.0009504281919664306,3.1786242564236794e-05,0.00038187124060850094,3.058005589430716e-05,0.0001880289844303041,2.4319681223549818e-05,0.0019636696091931407,0.00011215452420579411,0.0008409517192387129,4.839840480040444e-05,3.5291287175670306e-05,6.871568349297521e-06,0.0018162014723385998,0.0002974099989127479,0.43461281659333406,0.020257987030786285,0.0009061629106845229,0.00010974914311076782,9.136109414005962e-05,7.271303331139234e-06,2413.0,0.0,867.0,0.0,935.0,0.0,605.0,0.0,180.0,0.0,600.0,0.0,350.0,0.0,2413.0,0.0,1637.0,0.0,5000.0,3,0.0,0.00012788943111612837,1.3314759207951347e-05,0.9191369602252716,0.011554260629874262,0.7654354572464744,0.03578634051952762,0.00291024032835727,0.0006139195856478485,active_base5000,0.8413917264876689,0.00665446385675663,binary_variance,0.48360000000000003,0.006659329295557224,0.17733333333333334,0.0033038697848970272,0.18466666666666667,0.0003771236166328231,0.11873333333333332,0.0040835714216302796,0.03566666666666667,0.0016679994670929068,0.5164,0.006659329295557198
32.0,0.0,0.9199999999999999,0.0025664502073226964,0.9680659132102009,0.004162051000409991,0.9207810226496697,0.0021748068314535705,0.9207220380967368,0.0034146887871278494,0.5174,0.0,0.9445124632402925,0.007756664342894933,0.8983378430614612,0.01357145457282267,7500,2.7165888442360037e-05,3.62228734692548e-06,0.004936004581525614,0.0004703889453155272,0.0009307412865957118,5.271187975099456e-05,0.00028750085482690766,2.083326413958157e-05,0.00015017602471903362,2.2151484699617423e-05,0.003031085536379629,0.0006568806532862535,0.0007755082313138183,6.934864569109681e-05,2.7165888442360037e-05,3.62228734692548e-06,0.0019918445778752537,0.00016505591708837301,0.38605436500365337,0.012579844985563138,0.0010832560131161636,7.258924208649433e-05,7.728765194769949e-05,4.63094674372037e-06,2413.0,0.0,867.0,0.0,935.0,0.0,605.0,0.0,180.0,0.0,600.0,0.0,350.0,0.0,2413.0,0.0,1637.0,0.0,5000.0,3,0.0,9.39611197569314e-05,9.197964141468934e-06,0.8645275566442772,0.022086167016111064,0.6809755366735774,0.024937041691348555,0.0038063724842556657,0.0003207653785857575,active_base5000,0.8477032408201296,0.0038540245562080867,binary_variance,0.46417777777777774,0.013208452213508724,0.13493333333333335,0.0038964371189873265,0.20302222222222222,0.0032301052996633953,0.1484,0.005289822513300627,0.049466666666666666,0.0015700908206805085,0.5358222222222223,0.013208452213508724
32.0,0.0,0.9235333333333333,0.0041063636251825585,0.974907585415575,0.003182206846188643,0.924153720454953,0.004057822989510919,0.9246074625800812,0.004158207751149634,0.5174,0.0,0.9436480640694946,0.0029191855046572395,0.906326504316454,0.0055599662441415945,10000,2.8324195240909376e-05,2.0486741360006918e-06,0.005417868574548168,0.0003877032995471962,0.0008398306798546438,4.6349907846892916e-05,0.00029403540260826677,6.48248610370682e-06,0.00017144532028464128,1.4903218568735059e-05,0.0020030424463210596,0.0002561235251076272,0.0007956728043701546,1.61929793076497e-05,2.8324195240909376e-05,2.0486741360006918e-06,0.0025723728568750157,0.00013556850929028575,0.371751943217239,0.016452909427430964,0.0011519263198285807,7.619716202164387e-05,7.900544172419662e-05,4.058492616348299e-06,2413.0,0.0,867.0,0.0,935.0,0.0,605.0,0.0,180.0,0.0,600.0,0.0,350.0,0.0,2413.0,0.0,1637.0,0.0,5000.0,3,0.0,8.90985804996373e-05,6.89045481191386e-06,0.8706166160197997,0.0042921073040561464,0.6558038393082523,0.01967460990382975,0.005086436290665381,0.0003241696956958874,active_base5000,0.8537306622772264,0.004942836966256653,binary_variance,0.47553333333333336,0.012124997136311245,0.1225,0.0028083209693100675,0.1995,0.009652288157046836,0.1479,0.006753270812477956,0.05456666666666667,0.0016739839372652947,0.5244666666666666,0.01212499713631123
32.0,0.0,0.9232666666666667,0.0060538325785314635,0.9724300783887987,0.007193937152217653,0.9238635023225195,0.006376767191681135,0.9244454478390355,0.005351935002745002,0.5174,0.0,0.9431076684410403,0.015157423279823664,0.9067130524416956,0.006203532079479847,12500,3.0526327678567554e-05,7.802109806454188e-06,0.005580566800211372,0.0009576346273873802,0.0008648603517752846,7.066084789638951e-05,0.00029541247608749055,1.3945408059011288e-05,0.00016923428294304097,1.574314975681753e-05,0.0024661450140827886,0.0004601978249783336,0.0007901651700393451,4.1577848073273e-05,3.0526327678567554e-05,7.802109806454188e-06,0.0025045435221089716,0.00042777359240351074,0.38092943461565554,0.032369944280224536,0.0011859685184688426,0.00018284705021384521,8.247418251509468e-05,8.540217426010752e-06,2413.0,0.0,867.0,0.0,935.0,0.0,605.0,0.0,180.0,0.0,600.0,0.0,350.0,0.0,2413.0,0.0,1637.0,0.0,5000.0,3,0.0,8.705985016527162e-05,6.455078144013768e-06,0.8564674889976142,0.036806303924100385,0.6592121306698044,0.0401147384476067,0.00453678420992052,0.0006978095043958547,active_base5000,0.8540548668981947,0.013560085324855996,binary_variance,0.4507733333333333,0.013483316440038877,0.11472,0.006893320438414756,0.22141333333333335,0.008414421482721727,0.15813333333333335,0.009183018143411352,0.05496,0.0040545612175260926,0.5492266666666666,0.013483316440038853
32.0,0.0,0.9240666666666667,0.006976786907707285,0.9739723728357323,0.005329585838772211,0.9245065210439117,0.007180258254508146,0.9255459467598305,0.0064757407223474854,0.5174,0.0,0.9399475984841014,0.015538005840129387,0.9118670274449169,0.01116760658679059,15000,2.848193790800217e-05,6.648369106337356e-06,0.005074717531786981,0.0007622626196903895,0.0008919828696356078,3.462777790895888e-05,0.00032441693276076013,6.31180400862476e-05,0.00018931122116575344,5.472520597099151e-05,0.0019144730986406305,4.2202494450374646e-05,0.0008257869325883387,5.3384731265304626e-05,2.848193790800217e-05,6.648369106337356e-06,0.0024596353461871744,0.0004306381740433806,0.37834175058415515,0.029253856024940416,0.0011065718526941418,0.00014876851578332552,8.526787011457297e-05,1.551433974486327e-05,2413.0,0.0,867.0,0.0,935.0,0.0,605.0,0.0,180.0,0.0,600.0,0.0,350.0,0.0,2413.0,0.0,1637.0,0.0,5000.0,3,0.0,8.726245122688296e-05,1.2958208124391209e-05,0.8782553994640042,0.01804776545497857,0.6519944439640165,0.046727416038235416,0.004569070865442,0.001068924208574066,active_base5000,0.8576146922565876,0.012080402785143784,binary_variance,0.4816,0.030479768639153016,0.10515555555555556,0.010614641646515937,0.211,0.012690270405431196,0.1494,0.006723975896138519,0.052844444444444444,0.003771367109755189,0.5184,0.030479768639153033
,,0.8842,0.003963163719387151,0.9512992347585953,0.0010212102148758663,0.8844986031884053,0.00437774140069378,0.8867399634412444,0.0026685233644277795,0.5174,0.0,0.8981488107727139,0.014127158297477477,0.8759180517974489,0.009599062250838383,2000,6.255329885455984e-05,9.957111530629224e-06,0.005032227584641522,0.0015497779856410805,0.0011006763478391159,6.339948479067837e-05,0.0004373083276869256,1.8928170815143025e-05,0.0002480571263611128,1.777418826922053e-05,0.0023301293180285005,0.00040751806357168876,0.0008811547857135726,5.5365477484736065e-05,6.255329885455984e-05,9.957111530629224e-06,0.0024403260576008018,0.0007307015875155461,0.5008004576322043,0.03683531487718524,0.0011704473264490833,0.0002875466874297863,0.00012805879593239902,1.5814238004790584e-05,2413.0,0.0,867.0,0.0,935.0,0.0,605.0,0.0,180.0,0.0,600.0,0.0,350.0,0.0,2413.0,0.0,1637.0,0.0,5000.0,3,0.0,0.00016075679730147098,1.334534983199512e-05,0.8667749428086041,0.06654353576986816,0.8792614916810447,0.031370472905554954,0.004764960313389675,0.0024187517379021697,random,0.8207330107813203,0.005283781054012671,random,0.4785,0.010033277962194925,0.17499999999999996,0.0033416562759605636,0.18800000000000003,0.0004082482904638634,0.12133333333333333,0.009392668535736916,0.03716666666666667,0.004129837231121286,0.5215,0.01003327796219495
,,0.8927333333333333,0.0036012343562851815,0.9556196936738268,0.0022906464674668277,0.8937251902877795,0.0038381449260162883,0.8930290712370773,0.0029197163603404837,0.5174,0.0,0.9227960273776308,0.009952506069586005,0.8652235536657646,0.004599038344949068,3000,4.251022516136299e-05,6.6477239748385015e-06,0.004089720028516624,0.0008373453323669128,0.0010480656400549185,0.0001079337205573781,0.0004072357493319684,2.437252441348089e-05,0.00020984287382905232,2.8681308182403745e-05,0.0022136355830522803,0.0004108968708033122,0.0008574832280863026,1.9003126241929698e-05,4.251022516136299e-05,6.6477239748385015e-06,0.0019435415419357105,0.00037864733558206807,0.4721967338286979,0.026570926117499758,0.0009824910314249402,0.00016088987522605517,0.00010483173021687738,1.6996672683188843e-05,2413.0,0.0,867.0,0.0,935.0,0.0,605.0,0.0,180.0,0.0,600.0,0.0,350.0,0.0,2413.0,0.0,1637.0,0.0,5000.0,3,0.0,0.00014629033358738011,1.0913321781536189e-05,0.899016570018444,0.033419284834599834,0.8292651680635889,0.023967985176204326,0.003198130717255393,0.0009633770806328653,random,0.8292456250098249,0.0020215736340281334,random,0.4814444444444444,0.005717635702341609,0.17966666666666667,0.0019051586888313694,0.18355555555555556,0.0034029761846919,0.11855555555555557,0.007390350732584841,0.03677777777777778,0.003937787810370967,0.5185555555555555,0.005717635702341564
,,0.9028666666666666,0.005706915882408695,0.9634776366237235,0.005128338471416057,0.9040194704061072,0.005607427909859504,0.9026683703695905,0.006217706635688665,0.5174,0.0,0.937181007809733,0.01113462602369592,0.870892926169308,0.01467865291538269,5000,3.52912871756703e-05,6.871568349297521e-06,0.003797149942576137,0.0005715117981798497,0.0009504281919664306,3.1786242564236794e-05,0.00038187124060850094,3.058005589430716e-05,0.0001880289844303041,2.431968122354982e-05,0.0019636696091931403,0.00011215452420579411,0.0008409517192387129,4.839840480040444e-05,3.52912871756703e-05,6.871568349297521e-06,0.0018162014723385998,0.0002974099989127479,0.43461281659333406,0.020257987030786285,0.0009061629106845229,0.00010974914311076782,9.136109414005962e-05,7.271303331139234e-06,2413.0,0.0,867.0,0.0,935.0,0.0,605.0,0.0,180.0,0.0,600.0,0.0,350.0,0.0,2413.0,0.0,1637.0,0.0,5000.0,3,0.0,0.00012788943111612837,1.3314759207951347e-05,0.9191369602252716,0.011554260629874262,0.7654354572464744,0.03578634051952762,0.00291024032835727,0.0006139195856478485,random,0.841391726487669,0.00665446385675663,random,0.4836,0.006659329295557225,0.17733333333333334,0.0033038697848970272,0.18466666666666667,0.0003771236166328231,0.11873333333333334,0.0040835714216302796,0.03566666666666667,0.0016679994670929068,0.5164,0.006659329295557198
,,0.9047333333333333,0.0030125662740520345,0.9649044311956884,0.0014121193223409925,0.9055353328428192,0.003455442377315906,0.9055536233771576,0.0018831733220639952,0.5174,0.0,0.9302066807115211,0.014545022864023682,0.8824893699265558,0.010241701816383285,7500,3.7703142006036834e-05,8.179670148648922e-06,0.003999821105657564,0.0008612764421839978,0.0009174123122004254,4.526896317921498e-05,0.0003753110293184746,3.4233501522009905e-05,0.000195219708974924,2.7806890191193682e-05,0.001971374630776634,0.0002988186142389071,0.0008124031323543099,1.3664295599598755e-05,3.7703142006036834e-05,8.179670148648922e-06,0.0019063300281464144,0.0004235083774770869,0.43186057579980863,0.02357812418490699,0.0009357611625052473,0.0001660704065003686,9.637130271282028e-05,1.369779724546142e-05,2413.0,0.0,867.0,0.0,935.0,0.0,605.0,0.0,180.0,0.0,600.0,0.0,350.0,0.0,2413.0,0.0,1637.0,0.0,5000.0,3,0.0,0.00011902017183287328,4.243665228277543e-06,0.9351212516664313,0.00643532038649688,0.7385241904705245,0.016878952982260043,0.0029660086986439313,0.0008420036179562279,random,0.8400171291526851,0.0012139464560101793,random,0.48102222222222224,0.004918697007024689,0.17853333333333335,0.005185735420540841,0.18813333333333335,0.0026398653164297734,0.11688888888888889,0.0025816063522591253,0.03542222222222222,0.0016305721180305893,0.5189777777777778,0.004918697007024641
,,0.9113333333333333,0.006553031529164348,0.9699414111799287,0.005160058114327394,0.9128053371087855,0.0064244971163088345,0.9103618737185344,0.006958383835836713,0.5174,0.0,0.9540766178971228,0.003172804007380512,0.8705063780440665,0.010124314537076748,10000,2.3059241160897456e-05,2.693296205949505e-06,0.0030203094758227723,0.00020797034828444214,0.0008426568734116189,3.2157836204779096e-05,0.0003286126274555513,2.6428111751427104e-05,0.00013724661004875177,1.2586784108021742e-05,0.001779255590390676,0.00016988636257080203,0.0008478964165323483,1.2934743820456124e-05,2.3059241160897456e-05,2.693296205949505e-06,0.0013840503491611873,8.458070169837381e-05,0.3846049423505782,0.017713663664919787,0.0007371298941037673,3.119712723616643e-05,7.46655756150479e-05,2.260186024174243e-06,2413.0,0.0,867.0,0.0,935.0,0.0,605.0,0.0,180.0,0.0,600.0,0.0,350.0,0.0,2413.0,0.0,1637.0,0.0,5000.0,3,0.0,0.00010861257737128953,1.1341225722199834e-05,0.9426099782761552,0.008540417592747231,0.6945387154379964,0.03999502894684876,0.0020353659472344544,0.0002184951914757927,random,0.8529756656390265,0.008390146672394922,random,0.48133333333333334,0.004034297405441926,0.17703333333333335,0.0036917325050562456,0.1898333333333333,0.0034682688605252136,0.11599999999999999,0.002760434748368456,0.0358,0.0008524474568362946,0.5186666666666667,0.00403429740544195
,,0.9133333333333334,0.005854532906693356,0.9704878329185108,0.006606022307877029,0.9146544564662923,0.006128061108702004,0.912838617507087,0.005250079256286272,0.5174,0.0,0.9522293447605482,0.013606391035363942,0.8766911480479319,0.002275933736974047,12500,2.821372339730379e-05,7.203812971496307e-06,0.0030260567130523212,0.00014724345863050234,0.0008310861388272088,2.226904094573403e-05,0.0003376570868004452,2.6868880256107572e-05,0.0001542748229633583,2.402353945575121e-05,0.001705523300713215,0.0001191133880446436,0.0008177351931116677,1.1646219416196936e-05,2.821372339730379e-05,7.203812971496307e-06,0.001419173743219587,6.20653429357608e-05,0.38554220001916445,0.024493134185066604,0.0007401576860450341,3.2769450861669665e-05,8.053671626839787e-05,8.390652837484305e-06,2413.0,0.0,867.0,0.0,935.0,0.0,605.0,0.0,180.0,0.0,600.0,0.0,350.0,0.0,2413.0,0.0,1637.0,0.0,5000.0,3,0.0,0.00010620148385979097,1.0924075051646644e-05,0.9478986863762774,0.004393780058736574,0.6834928298381419,0.04527241060978217,0.002041510701207885,9.131441451698249e-05,random,0.8528810356192413,0.015435868101630662,random,0.4801066666666666,0.00395674389141151,0.17784,0.002926294585307502,0.1897333333333333,0.0010041690871340182,0.11613333333333332,0.0020597302951816028,0.036186666666666666,0.000842430346609668,0.5198933333333334,0.0039567438914114945
,,0.9177333333333334,0.0031169785940162553,0.9738809554589657,0.0030828031305479573,0.9192270340406378,0.002896066494807424,0.91679960438821,0.0037122151285946215,0.5174,0.0,0.9613163381359464,0.0032342461846877626,0.8763045999226904,0.009314660261269349,15000,2.202760618566835e-05,1.6857921658248077e-06,0.0033148487400670086,0.00011201322377319398,0.0008737396160349509,5.3608974152913133e-05,0.0003161017681499639,3.618453042533101e-05,0.00014334641125894146,1.2311567657820951e-05,0.0018700625772258821,5.960959311826587e-05,0.0008188578832903949,2.0309464952982695e-05,2.202760618566835e-05,1.6857921658248077e-06,0.0015267724599272732,0.00010643124885043758,0.3823526867570198,0.026283905930077452,0.0007922233872228262,3.1407227018241526e-05,7.600323495656387e-05,5.707059537047972e-06,2413.0,0.0,867.0,0.0,935.0,0.0,605.0,0.0,180.0,0.0,600.0,0.0,350.0,0.0,2413.0,0.0,1637.0,0.0,5000.0,3,0.0,0.00010303105153017548,1.508163291705016e-05,0.9339928692946713,0.00447161105060871,0.6646943972283702,0.038773099344655004,0.002304873620907043,0.00018363857753820123,random,0.8562997629559904,0.007953374440233215,random,0.4796888888888889,0.0029979416807182444,0.17784444444444444,0.0025352819016802993,0.18957777777777776,0.0022019071419404636,0.11626666666666667,0.002141650453894533,0.03662222222222222,0.001481074018040146,0.5203111111111111,0.002997941680718214
