acquisition_events_mean,acquisition_events_std,budget,mae_bin_clean_or_below_threshold_mean,mae_bin_clean_or_below_threshold_std,mae_bin_large_mean,mae_bin_large_std,mae_bin_moderate_mean,mae_bin_moderate_std,mae_bin_small_mean,mae_bin_small_std,mae_bin_tiny_mean,mae_bin_tiny_std,mae_dominant_bracket__main_pin_mean,mae_dominant_bracket__main_pin_std,mae_dominant_bracket__splint_mean,mae_dominant_bracket__splint_std,mae_dominant_clean_mean,mae_dominant_clean_std,mae_dominant_main_pin__splint_mean,mae_dominant_main_pin__splint_std,mae_log_mean,mae_log_std,mae_norm_mean,mae_norm_std,median_ae_norm_mean,median_ae_norm_std,n_bin_clean_or_below_threshold_mean,n_bin_clean_or_below_threshold_std,n_bin_large_mean,n_bin_large_std,n_bin_moderate_mean,n_bin_moderate_std,n_bin_small_mean,n_bin_small_std,n_bin_tiny_mean,n_bin_tiny_std,n_dominant_bracket__main_pin_mean,n_dominant_bracket__main_pin_std,n_dominant_bracket__splint_mean,n_dominant_bracket__splint_std,n_dominant_clean_mean,n_dominant_clean_std,n_dominant_main_pin__splint_mean,n_dominant_main_pin__splint_std,n_mean,n_seeds,n_std,near_threshold_mae_norm_mean,near_threshold_mae_norm_std,pearson_norm_mean,pearson_norm_std,rmse_log_mean,rmse_log_std,rmse_norm_mean,rmse_norm_std,series,spearman_norm_mean,spearman_norm_std,strategy,train_frac_clean_or_below_threshold_mean,train_frac_clean_or_below_threshold_std,train_frac_large_mean,train_frac_large_std,train_frac_moderate_mean,train_frac_moderate_std,train_frac_small_mean,train_frac_small_std,train_frac_tiny_mean,train_frac_tiny_std,train_overlap_positive_rate_mean,train_overlap_positive_rate_std
32.0,0.0,10000,2.3478489902704485e-05,2.4250446232523085e-06,0.0032783484817237815,0.0004911709165741066,0.0008038579166777109,2.5964146868157644e-05,0.0002982404672060196,3.4413240704293846e-06,0.00011804485257058601,5.979113643988187e-06,0.002209902745220107,0.00027507534175046046,0.0008681835589753395,4.41759529123985e-05,2.3478489902704485e-05,2.4250446232523085e-06,0.0013230378430648092,0.00017834910654169122,0.3922550157711626,0.008118801047849183,0.0007704544876011504,8.209141692814537e-05,6.618579974807896e-05,3.6746375015273114e-06,2413.0,0.0,867.0,0.0,935.0,0.0,605.0,0.0,180.0,0.0,600.0,0.0,350.0,0.0,2413.0,0.0,1637.0,0.0,5000.0,3,0.0,0.00010881597424936846,5.485922449105631e-06,0.9392675011840956,0.0020648912610976206,0.7036537997631281,0.024064800843653075,0.0021379783855003205,0.00035151658867031926,active_base10000,0.8433005859880233,0.0051450071535205765,log_variance,0.48133333333333334,0.004034297405441926,0.17703333333333335,0.0036917325050562456,0.1898333333333333,0.0034682688605252136,0.11599999999999999,0.002760434748368456,0.0358,0.0008524474568362946,0.5186666666666667,0.00403429740544195
32.0,0.0,12500,2.6842618522269347e-05,7.347047168895793e-07,0.002864803891589627,0.0003508460153247284,0.0007975835904969541,8.252674636194652e-05,0.00031487830602617835,7.752997903515996e-06,0.0001301786193583557,1.056713637759496e-06,0.0017182419456174911,0.00014589807348601325,0.0008539583201162432,1.0820643203633783e-05,2.6842618522269347e-05,7.347047168895793e-07,0.0012911597912901778,0.00018041311027397776,0.3931376356407947,0.019033691277568942,0.0007016460792494874,7.61586453940509e-05,7.32624842688286e-05,5.166691879574722e-06,2413.0,0.0,867.0,0.0,935.0,0.0,605.0,0.0,180.0,0.0,600.0,0.0,350.0,0.0,2413.0,0.0,1637.0,0.0,5000.0,3,0.0,0.00010776655663766047,1.9755309459007085e-06,0.947456851944443,0.008970534499332198,0.685281505291481,0.01159763804890169,0.001951725377313097,0.0003631754762701863,active_base10000,0.8465169405166776,0.006781146535400956,log_variance,0.40546666666666664,0.003738853062400569,0.2841066666666667,0.0005890859209166533,0.18141333333333334,0.00408983563918596,0.09885333333333333,0.003387401495082753,0.030160000000000003,0.0002847220867208357,0.5945333333333332,0.0037388530624005586
32.0,0.0,15000,3.175933073353472e-05,6.61438517305848e-06,0.0033661088346245553,0.0007764874014244409,0.0009402688214369973,9.335234709439437e-05,0.000312861954777405,2.9532339785459746e-05,0.00012293498202528707,1.775467675334859e-05,0.0018104041136383685,9.08701576340388e-05,0.0008406051086794465,2.8505874960262333e-05,3.175933073353472e-05,6.61438517305848e-06,0.001605695315117371,0.0005007830857200829,0.43518914897871186,0.04242311510454474,0.0008171225504255967,0.0001583445759261531,9.013613127232627e-05,1.521401370062939e-05,2413.0,0.0,867.0,0.0,935.0,0.0,605.0,0.0,180.0,0.0,600.0,0.0,350.0,0.0,2413.0,0.0,1637.0,0.0,5000.0,3,0.0,0.00011305701224959718,1.0734406989936821e-05,0.9318056968760554,0.02306774534042499,0.7292764482178455,0.04283652218711022,0.0023968566418166638,0.0008180522466752457,active_base10000,0.8341552911582116,0.011796450375975005,log_variance,0.3659777777777778,0.005754053858148112,0.33099999999999996,0.0013899107352099507,0.1842,0.00357066235166945,0.0916,0.004868340655782084,0.02722222222222222,0.0003541639433446488,0.6340222222222222,0.005754053858148108
32.0,0.0,3000,4.159538945085561e-05,9.25553669916009e-06,0.0034484964581098575,0.0006195763280890505,0.0009403324111461709,0.0001037810735526801,0.00037080504492439026,4.2794563916121864e-05,0.0001528052112253367,3.868648138914579e-05,0.002411417781743239,0.000729394467495778,0.0008450665046238524,3.2999890458405525e-05,4.159538945085561e-05,9.25553669916009e-06,0.0014528254600723524,0.00011115980058499612,0.461526116853397,0.018635174758396024,0.0008442537797095296,0.00011603579813782525,9.501963427283044e-05,4.875736177311845e-06,2413.0,0.0,867.0,0.0,935.0,0.0,605.0,0.0,180.0,0.0,600.0,0.0,350.0,0.0,2413.0,0.0,1637.0,0.0,5000.0,3,0.0,0.0001351649095034474,7.9262475715474e-06,0.9233406909622324,0.02764228940233554,0.7981847524826274,0.019216192705049623,0.0024208419119059617,0.00045197322801985207,active_base3000,0.8309821739752867,0.0012199679096242828,log_variance,0.4814444444444444,0.005717635702341609,0.17966666666666667,0.0019051586888313694,0.18355555555555556,0.0034029761846919,0.11855555555555557,0.007390350732584841,0.03677777777777778,0.003937787810370967,0.5185555555555555,0.005717635702341563
32.0,0.0,5000,3.603674937924881e-05,1.2245018737194573e-06,0.003339578547919452,0.0007189020009689759,0.0009896839477071357,0.00011182313535269643,0.00035818502683435306,1.0031533948375341e-05,0.00014554113502638602,1.4010781444836924e-05,0.001669776036344375,0.00015520955223488142,0.0008788075821625458,4.784475193551937e-06,3.603674937924881e-05,1.2245018737194573e-06,0.0016824802456495748,0.0003928878166646836,0.4641595846126945,0.027349758497197108,0.0008301250227887995,0.00014454758516700342,9.330455092519212e-05,6.087485889902864e-06,2413.0,0.0,867.0,0.0,935.0,0.0,605.0,0.0,180.0,0.0,600.0,0.0,350.0,0.0,2413.0,0.0,1637.0,0.0,5000.0,3,0.0,0.0001318105842200109,1.7666653915081978e-06,0.9288504043273499,0.024765854495679817,0.7885227323569701,0.012989026293545298,0.002267492135146586,0.0006137152882874902,active_base3000,0.8232294445771777,0.0025246110375247263,log_variance,0.3382666666666667,0.015711001099724873,0.3620666666666667,0.04482866146662076,0.18286666666666665,0.018686418121786265,0.09126666666666666,0.010099944994349668,0.025533333333333335,0.0026144895401503435,0.6617333333333334,0.01571100109972485
32.0,0.0,7500,3.105196833472514e-05,2.067179779151923e-06,0.0034912713676467848,0.00033982631593932656,0.001046946645745979,9.367270613916286e-05,0.0003220161943679547,1.8991314579483294e-05,0.00011742575986530751,1.73845179961892e-05,0.002008828412374694,0.0003015804518376732,0.0008745858623552411,3.1978398387567053e-05,3.105196833472514e-05,2.067179779151923e-06,0.0016557005037516614,0.00013438386954132844,0.4587917834983726,0.017403770520961447,0.0008593424446964624,7.039683409735283e-05,9.280317832841926e-05,2.1963334026905587e-06,2413.0,0.0,867.0,0.0,935.0,0.0,605.0,0.0,180.0,0.0,600.0,0.0,350.0,0.0,2413.0,0.0,1637.0,0.0,5000.0,3,0.0,0.00011772871281215261,4.359001671708399e-06,0.9188787085990494,0.013612622793574095,0.7634975765220622,0.0049919759861810015,0.0023970187888015227,0.00022969799794869144,active_base3000,0.8272209075848362,0.0026211361259501245,log_variance,0.3294222222222222,0.009020361055980333,0.3728444444444445,0.004984519244497442,0.18866666666666665,0.008772347124576987,0.08542222222222222,0.004246247435554203,0.023644444444444444,0.0013998236220465448,0.6705777777777778,0.009020361055980365
32.0,0.0,10000,3.2864940717268076e-05,1.7883761484866602e-06,0.0034822286886496676,0.00038156307135579244,0.001043204238179509,0.00011536103592518025,0.0003130863937521919,8.312220584785888e-06,0.00011037084248077154,1.3229971626373195e-05,0.0019028134846858947,0.00021375534388570527,0.0008676224475713034,2.7019870303096893e-05,3.2864940717268076e-05,1.7883761484866602e-06,0.0016850435602701436,0.00019967176670493514,0.4608869371093234,0.02226876485734002,0.0008566150715148971,8.589690756422289e-05,9.656757773276088e-05,5.2668688808618375e-06,2413.0,0.0,867.0,0.0,935.0,0.0,605.0,0.0,180.0,0.0,600.0,0.0,350.0,0.0,2413.0,0.0,1637.0,0.0,5000.0,3,0.0,0.00011346559823198202,2.042683211369997e-06,0.9262172906193459,0.01214850983272533,0.746103979287787,0.016617553655424982,0.002223936155359541,0.00027456090914449745,active_base3000,0.8306397103135884,0.0035352795644557596,log_variance,0.3167666666666667,0.008256445293762262,0.38870000000000005,0.004104469108991647,0.1834,0.00431508980207828,0.08486666666666666,0.005724993934979805,0.026266666666666664,0.002548637980482038,0.6832333333333334,0.008256445293762266
32.0,0.0,12500,3.533839851996255e-05,2.2013476660821295e-06,0.0035890506099648966,0.0001275417652595658,0.0009767043900765137,7.617639353272007e-05,0.0003067061509194738,9.307844242612342e-06,0.00012400250859988157,1.7325413104130257e-05,0.0018479899304626693,0.000253957264492043,0.0008481667092906448,3.4124014182869974e-05,3.533839851996255e-05,2.2013476660821295e-06,0.0017270316737239087,9.763935701363437e-05,0.4459405082708275,0.012842963962996874,0.0008636149424088071,2.8144328404492613e-05,9.121658126787224e-05,2.0169593494122265e-06,2413.0,0.0,867.0,0.0,935.0,0.0,605.0,0.0,180.0,0.0,600.0,0.0,350.0,0.0,2413.0,0.0,1637.0,0.0,5000.0,3,0.0,0.00011001182129406538,2.532483850307852e-06,0.9224080521042911,0.004574453340703822,0.7331231982418739,0.00922573220469683,0.002521631615691846,9.531990972579151e-05,active_base3000,0.8325038725641547,0.005190121286962872,log_variance,0.32050666666666666,0.01653522569815388,0.3821333333333334,0.023503879585199457,0.18000000000000002,0.005081102242624132,0.08949333333333333,0.007769844843295707,0.027866666666666665,0.0030006814040962246,0.6794933333333333,0.01653522569815393
32.0,0.0,15000,4.548124636538256e-05,1.0989414730423184e-05,0.0038067169951627056,0.0010438036142910625,0.0011155422371963994,0.00023819656254802662,0.0003199741171602681,1.5293305326721237e-05,0.0001067702287326329,2.48475465335296e-05,0.0021461677055994084,0.0003910624461654223,0.0008686051995858976,5.029310538111506e-05,4.548124636538256e-05,1.0989414730423184e-05,0.0018109628377665401,0.0005917013293803042,0.5342057149958993,0.10606326134153228,0.0009332009712236408,0.00023019266451762216,0.00011901445274512905,2.8753818270703034e-05,2413.0,0.0,867.0,0.0,935.0,0.0,605.0,0.0,180.0,0.0,600.0,0.0,350.0,0.0,2413.0,0.0,1637.0,0.0,5000.0,3,0.0,0.00012675284241905947,1.6936401823600318e-05,0.9222617606310406,0.02481992391169168,0.8005517363321965,0.07698720937473204,0.0025510482797785777,0.0007277236130141865,active_base3000,0.819341573509663,0.01704149314019179,log_variance,0.3202888888888889,0.01371955439653585,0.37799999999999995,0.008317228883245681,0.18257777777777776,0.008056528676855048,0.09091111111111111,0.0062870433098752305,0.02822222222222222,0.0011704172517567725,0.679711111111111,0.013719554396535808
32.0,0.0,5000,3.837298397243147e-05,4.570465169085378e-06,0.003450718772189805,0.00062021657328688,0.0008621340674764333,2.745055682955167e-05,0.00039198289810556613,2.599768286273088e-05,0.0001777018213395557,1.915327579500539e-05,0.0018002550850479161,0.0002874182233049853,0.0008439756666596276,2.727727855614851e-05,3.837298397243147e-05,4.570465169085378e-06,0.0016441417076447126,0.0002287513735006222,0.42628497958650446,0.006466352204742302,0.000831919704019898,0.00010520826735775428,8.392937039995256e-05,8.498078354318836e-07,2413.0,0.0,867.0,0.0,935.0,0.0,605.0,0.0,180.0,0.0,600.0,0.0,350.0,0.0,2413.0,0.0,1637.0,0.0,5000.0,3,0.0,0.00013113220489281124,8.63557111209886e-06,0.94184282962082,0.00925528431058293,0.7784016428612706,0.024727124166682407,0.0025570740514901714,0.0005450731728963285,active_base5000,0.8305224525488981,0.003733530001691232,log_variance,0.48360000000000003,0.006659329295557224,0.17733333333333334,0.0033038697848970272,0.18466666666666667,0.0003771236166328231,0.11873333333333334,0.0040835714216302796,0.035666666666666666,0.0016679994670929068,0.5164,0.006659329295557198
32.0,0.0,7500,2.6552425814727577e-05,1.0016219454543488e-06,0.0031794543782546307,0.00019084321827246543,0.0009105294270384815,4.828163011670159e-05,0.00033238273228030133,1.050370356973144e-05,0.00013810374492654527,1.322056369987041e-05,0.0016131866953845826,0.0001343516466507835,0.0008953102754129037,3.115127327333856e-05,2.6552425814727577e-05,1.0016219454543488e-06,0.0015593228917036284,0.00011084857006755327,0.42716176867610983,0.009809825930524672,0.0007795906381670086,4.110992781974528e-05,8.055629232709786e-05,3.36804212712478e-06,2413.0,0.0,867.0,0.0,935.0,0.0,605.0,0.0,180.0,0.0,600.0,0.0,350.0,0.0,2413.0,0.0,1637.0,0.0,5000.0,3,0.0,0.00012138678864824912,4.323979557483515e-06,0.925493216497863,0.01527685559371766,0.74270677541505,0.011181187349038805,0.002236905548079635,0.0003052198388002514,active_base5000,0.8342860169554406,0.001473243597844728,log_variance,0.35728888888888893,0.01115670644793669,0.35142222222222225,0.008617180656637977,0.17573333333333332,0.005909941404735529,0.08924444444444445,0.003472359997266594,0.026311111111111115,0.0013124287164651917,0.6427111111111111,0.011156706447936664
32.0,0.0,10000,3.279119778408015e-05,3.267085362008985e-06,0.003629913124859531,0.0003778824278608757,0.0010172429151041103,9.837234102959612e-05,0.00031252634569810196,1.6371715477087647e-05,0.00011048786660422157,5.2761066013911106e-06,0.001918986983263393,0.0001670024239442597,0.0008556642615404406,2.954021787501413e-05,3.279119778408015e-05,3.267085362008985e-06,0.0017448676716643114,0.00017418475755732793,0.45318598360175927,0.03474374069029117,0.0008772696440529306,7.966433511062569e-05,9.73043315752875e-05,9.771872090951974e-06,2413.0,0.0,867.0,0.0,935.0,0.0,605.0,0.0,180.0,0.0,600.0,0.0,350.0,0.0,2413.0,0.0,1637.0,0.0,5000.0,3,0.0,0.00011205128342975017,7.404540221788778e-06,0.9195323042599716,0.010882152482625662,0.7332065712133167,0.03807069327391833,0.002575395227887112,0.0003138751501703433,active_base5000,0.8350091134643645,0.006719117299841775,log_variance,0.3377333333333333,0.009537411715042096,0.36599999999999994,0.011812140647091303,0.18356666666666666,0.0035649528592800344,0.0861,0.0032259365565160576,0.026600000000000002,0.001272792206135786,0.6622666666666667,0.009537411715042096
32.0,0.0,12500,3.1449162956291354e-05,4.360780730130252e-06,0.0031890667656043186,0.0002498444257013591,0.0008934442791204304,8.732247047306027e-05,0.0003056139589720694,1.5933254316029673e-05,0.00012658225775836668,2.4422907374165466e-05,0.0017727261283168143,0.00022223272655445695,0.0008597965052374723,3.284676820269077e-05,3.1449162956291354e-05,4.360780730130252e-06,0.001492613368667044,8.997804357239532e-05,0.4246140216359144,0.009542515887745927,0.0007767718737089371,5.477408398269533e-05,8.453924480515222e-05,4.5745061570463846e-06,2413.0,0.0,867.0,0.0,935.0,0.0,605.0,0.0,180.0,0.0,600.0,0.0,350.0,0.0,2413.0,0.0,1637.0,0.0,5000.0,3,0.0,0.00010885797509517716,3.6078735278452428e-06,0.9370287258613107,0.008271824170722425,0.7089447032491204,0.0071642667907684775,0.0021847607077348087,9.925312064691681e-05,active_base5000,0.8355154803326191,0.003755187554000137,log_variance,0.3407466666666667,0.01562989727697814,0.3596,0.017157715465644024,0.18152,0.0031114412523245063,0.09109333333333335,0.0043457667780138496,0.027039999999999998,0.0007946487693734052,0.6592533333333334,0.015629897276978156
32.0,0.0,15000,3.7599460081385584e-05,7.0938782144748635e-06,0.0036376691880502625,0.0007611024727259889,0.0010351476354109946,0.00016656437078292976,0.00030447650636890316,2.728003161747068e-05,0.00010967891250563143,9.909478014974673e-07,0.002018267541323237,2.040620115913497e-05,0.0008534216602374741,4.2044762221143007e-05,3.7599460081385584e-05,7.0938782144748635e-06,0.0017202288392645082,0.0004950515816824595,0.4783148642322285,0.07797771820799168,0.0008832800425858882,0.00016949289068566258,0.00010416066046066892,2.2603578182910102e-05,2413.0,0.0,867.0,0.0,935.0,0.0,605.0,0.0,180.0,0.0,600.0,0.0,350.0,0.0,2413.0,0.0,1637.0,0.0,5000.0,3,0.0,0.00011930982147527714,1.615190572752288e-05,0.9252753144180835,0.01956310709557617,0.7656101762574012,0.07896852127028511,0.00248502111815705,0.00053039902390673,active_base5000,0.8239956042878239,0.017522661252656425,log_variance,0.32797777777777776,0.007298164829362456,0.3708,0.017796961871394002,0.18002222222222222,0.003368847844956658,0.09386666666666665,0.005550842445237647,0.02733333333333333,0.002223110933404409,0.6720222222222222,0.007298164829362475
32.0,0.0,10000,2.3478489902704485e-05,2.4250446232523085e-06,0.0032783484817237815,0.0004911709165741066,0.0008038579166777109,2.5964146868157644e-05,0.0002982404672060196,3.4413240704293846e-06,0.00011804485257058601,5.979113643988187e-06,0.002209902745220107,0.00027507534175046046,0.0008681835589753395,4.41759529123985e-05,2.3478489902704485e-05,2.4250446232523085e-06,0.0013230378430648092,0.00017834910654169122,0.3922550157711626,0.008118801047849183,0.0007704544876011504,8.209141692814537e-05,6.618579974807896e-05,3.6746375015273114e-06,2413.0,0.0,867.0,0.0,935.0,0.0,605.0,0.0,180.0,0.0,600.0,0.0,350.0,0.0,2413.0,0.0,1637.0,0.0,5000.0,3,0.0,0.00010881597424936846,5.485922449105631e-06,0.9392675011840956,0.0020648912610976206,0.7036537997631281,0.024064800843653075,0.0021379783855003205,0.00035151658867031926,active_base10000,0.8433005859880233,0.0051450071535205765,near_threshold_log_variance,0.48133333333333334,0.004034297405441926,0.17703333333333335,0.0036917325050562456,0.1898333333333333,0.0034682688605252136,0.11599999999999999,0.002760434748368456,0.0358,0.0008524474568362946,0.5186666666666667,0.00403429740544195
32.0,0.0,12500,2.6250055659607282e-05,1.6467976210165885e-06,0.0037745135072515105,0.0004812106209140036,0.0007851762630629709,7.965769162317155e-05,0.00028498672502240196,3.755050511898797e-06,0.00011693780456702994,1.6339582703660223e-05,0.0025189344980364897,0.0005512518801192323,0.0008009089312634542,3.182779500023072e-05,2.6250055659607282e-05,1.6467976210165885e-06,0.001471246160933081,0.00010605255899308051,0.37879132843972513,0.014504907434723713,0.0008526900349036377,9.793684609957624e-05,6.798374427792926e-05,6.407030622492324e-06,2413.0,0.0,867.0,0.0,935.0,0.0,605.0,0.0,180.0,0.0,600.0,0.0,350.0,0.0,2413.0,0.0,1637.0,0.0,5000.0,3,0.0,9.726003943609969e-05,2.254310716551654e-06,0.9179976460702798,0.015158841669748761,0.6605714388912618,0.015619828415846238,0.002694701653450674,0.00037086162004699064,active_base10000,0.8496470516498819,0.007789084161334327,near_threshold_log_variance,0.4460266666666666,0.009833023723939432,0.1752,0.009792731998783583,0.22272,0.014511567799517738,0.11952,0.006649471156916668,0.036533333333333334,0.0016708746877675238,0.5539733333333333,0.00983302372393939
32.0,0.0,15000,2.4985271087506306e-05,3.998315954257985e-06,0.003750149688285032,0.0001442597622813595,0.0007875837337325992,4.195666260473502e-05,0.0002856430568321835,2.5532120696080204e-05,0.00011676460996781788,1.5222682360995676e-05,0.002412255330080673,0.0003459144027447248,0.0008096368354371565,1.412297795238542e-05,2.4985271087506306e-05,3.998315954257985e-06,0.0014971754181486699,4.4306231619073265e-05,0.3719554326857089,0.020696446899126784,0.000848378341818987,3.363262605294815e-05,6.94776948269767e-05,7.706844249600609e-06,2413.0,0.0,867.0,0.0,935.0,0.0,605.0,0.0,180.0,0.0,600.0,0.0,350.0,0.0,2413.0,0.0,1637.0,0.0,5000.0,3,0.0,9.376290972193109e-05,8.414618217209194e-06,0.914632599651504,0.011869038209301085,0.6545140404937766,0.02995324102991788,0.00264583799861878,8.817804652226774e-05,active_base10000,0.8479105578524222,0.008541545666649119,near_threshold_log_variance,0.43297777777777774,0.009295372537842898,0.15357777777777779,0.006547000066942352,0.23782222222222224,0.007880652977896224,0.1335111111111111,0.0062330857546396175,0.042111111111111106,0.002969640623391787,0.5670222222222222,0.009295372537842878
32.0,0.0,3000,4.159538945085561e-05,9.25553669916009e-06,0.0034484964581098575,0.0006195763280890505,0.0009403324111461709,0.0001037810735526801,0.00037080504492439026,4.2794563916121864e-05,0.0001528052112253367,3.868648138914579e-05,0.002411417781743239,0.000729394467495778,0.0008450665046238524,3.2999890458405525e-05,4.159538945085561e-05,9.25553669916009e-06,0.0014528254600723524,0.00011115980058499612,0.461526116853397,0.018635174758396024,0.0008442537797095296,0.00011603579813782525,9.501963427283044e-05,4.875736177311845e-06,2413.0,0.0,867.0,0.0,935.0,0.0,605.0,0.0,180.0,0.0,600.0,0.0,350.0,0.0,2413.0,0.0,1637.0,0.0,5000.0,3,0.0,0.0001351649095034474,7.9262475715474e-06,0.9233406909622324,0.02764228940233554,0.7981847524826274,0.019216192705049623,0.0024208419119059617,0.00045197322801985207,active_base3000,0.8309821739752867,0.0012199679096242828,near_threshold_log_variance,0.4814444444444444,0.005717635702341609,0.17966666666666667,0.0019051586888313694,0.18355555555555556,0.0034029761846919,0.11855555555555557,0.007390350732584841,0.03677777777777778,0.003937787810370967,0.5185555555555555,0.005717635702341563
32.0,0.0,5000,2.9572996957157634e-05,3.859450568298474e-06,0.0038625168661807017,0.0005579799919128716,0.0008699111136108332,0.00012304370553749055,0.00029768770623776666,1.638839731101613e-05,0.0001304890474664241,1.3941302490974125e-05,0.0022714985767776047,0.0005947773164798575,0.0007963316732414005,2.2824603632593638e-05,2.9572996957157634e-05,3.859450568298474e-06,0.0016641068254865908,0.00020094483538612943,0.39797676491914596,0.020848471336362518,0.0008874235493360449,0.00011541042977888724,7.731570682760018e-05,6.1032445225500715e-06,2413.0,0.0,867.0,0.0,935.0,0.0,605.0,0.0,180.0,0.0,600.0,0.0,350.0,0.0,2413.0,0.0,1637.0,0.0,5000.0,3,0.0,0.0001026179071602062,4.3027840905313025e-06,0.9054208852667548,0.034141505378397344,0.6938190270568535,0.02091629890414143,0.0027784522123890203,0.0004226924094860983,active_base3000,0.8448802542432099,0.0034759692964363626,near_threshold_log_variance,0.4937333333333333,0.02110060557319518,0.13893333333333335,0.013064285497322674,0.2021333333333333,0.026919303276438804,0.12506666666666666,0.0082143505863553,0.04013333333333333,0.006421491692399481,0.5062666666666668,0.021100605573195208
32.0,0.0,7500,2.8286887485351034e-05,1.1368371917028349e-06,0.005661662701877062,0.0006262719542419029,0.0009563950170369935,0.00014844770596581948,0.00028576999167979797,1.295714878983538e-05,0.00011962719904157737,1.370697174063951e-05,0.0034987928857804543,0.0012869094498892924,0.0007748999467754577,2.7796162737756128e-05,2.8286887485351034e-05,1.1368371917028349e-06,0.0022155308072150776,0.0001850432296189354,0.40135237915489164,0.02170544693524424,0.001213114180750583,0.00013251493423915053,8.127050265708628e-05,4.3255686170615654e-06,2413.0,0.0,867.0,0.0,935.0,0.0,605.0,0.0,180.0,0.0,600.0,0.0,350.0,0.0,2413.0,0.0,1637.0,0.0,5000.0,3,0.0,9.338340922788951e-05,5.2953485963713295e-06,0.8560167054994196,0.03374740036119029,0.686803390957408,0.03281476572763834,0.00431656078486354,0.00042354329386223074,active_base3000,0.8435480860619234,0.008130222050870191,near_threshold_log_variance,0.47155555555555556,0.027874498279269286,0.11977777777777776,0.009590324342151015,0.2229777777777778,0.028060745394567946,0.14115555555555556,0.008699311736646637,0.044533333333333334,0.0015084944665313019,0.5284444444444444,0.027874498279269314
32.0,0.0,10000,1.9024031486366783e-05,3.211310094206803e-06,0.004163437588257271,0.00023766879453610806,0.0008724437637380972,7.604277798457905e-05,0.0002796771278406814,2.246351124184779e-06,9.960066545031263e-05,5.133582240480908e-06,0.002221789570323583,0.0004873344687143334,0.0008082169093503516,2.7882868148067633e-05,1.9024031486366783e-05,3.211310094206803e-06,0.001830554935719041,6.55732661015219e-05,0.3621276060846635,0.029157649215006055,0.0009316946156430892,5.6440069508401925e-05,6.239058575374656e-05,7.786803611387697e-06,2413.0,0.0,867.0,0.0,935.0,0.0,605.0,0.0,180.0,0.0,600.0,0.0,350.0,0.0,2413.0,0.0,1637.0,0.0,5000.0,3,0.0,8.476146662420024e-05,4.188719107392311e-06,0.8791574741848324,0.0100214919713309,0.629192649963224,0.0217280141515346,0.00325970099470365,6.175555161250289e-05,active_base3000,0.8579998706079947,0.008821216404743133,near_threshold_log_variance,0.4681666666666666,0.023801167104903806,0.12733333333333333,0.02197640148482509,0.2169,0.023877325366687668,0.14223333333333335,9.428090415820904e-05,0.045366666666666666,0.002344260129668966,0.5318333333333334,0.023801167104903848
32.0,0.0,12500,2.2557158700140304e-05,2.7746185402071004e-06,0.004690124473504744,0.0006219901694254474,0.0008868390780915908,8.762349067078423e-05,0.00027491404275099693,1.0055153560465646e-05,0.00010548277359945318,1.126165912167822e-05,0.0024491062675153644,0.0003777170442349592,0.0007935315958021268,2.4684207058113767e-05,2.2557158700140304e-05,2.7746185402071004e-06,0.0020364340455812716,0.0002626857892008577,0.37591793927244394,0.010298672984222261,0.0010270545551199887,0.00012355113774196249,7.15864395412306e-05,6.442877410376314e-06,2413.0,0.0,867.0,0.0,935.0,0.0,605.0,0.0,180.0,0.0,600.0,0.0,350.0,0.0,2413.0,0.0,1637.0,0.0,5000.0,3,0.0,8.418650321186231e-05,2.142147428016993e-06,0.8755761053481977,0.02657049080709456,0.6437333531935854,0.004602775362284734,0.0035508119729754824,0.0005567153882002768,active_base3000,0.8557283521491339,0.0065624265222146184,near_threshold_log_variance,0.45410666666666666,0.028130388471465432,0.11983999999999999,0.003933853073006164,0.22653333333333334,0.026564845608853478,0.15226666666666666,0.002908256445975078,0.047253333333333335,0.0023281084358098276,0.5458933333333333,0.02813038847146546
32.0,0.0,15000,2.049602779836467e-05,1.890974413835252e-06,0.0056846671877950035,0.0010364544741321867,0.0009938850336209453,9.983121571243645e-05,0.00026161927679720743,1.1107437011462039e-05,9.319158924585981e-05,4.49628693675117e-06,0.002973423217878614,0.0004666679203952904,0.0008297764714694722,1.3082807558105462e-05,2.049602779836467e-05,1.890974413835252e-06,0.0024181230366761963,0.000462954451653357,0.39260168671110707,0.018161995375532404,0.0012164800043715743,0.00019740736304392872,6.976105873945926e-05,3.6185907719665074e-06,2413.0,0.0,867.0,0.0,935.0,0.0,605.0,0.0,180.0,0.0,600.0,0.0,350.0,0.0,2413.0,0.0,1637.0,0.0,5000.0,3,0.0,8.365847706487098e-05,1.6983253178658722e-06,0.816105074834473,0.04871687801945509,0.6691672050712408,0.011617903841731659,0.004351182103363718,0.0010328382147561752,active_base3000,0.8542321730812868,0.0031981403222220554,near_threshold_log_variance,0.44206666666666666,0.010750641669049172,0.1104,0.009329999404549223,0.23035555555555556,0.013597857492820763,0.1660222222222222,0.0032556882794333194,0.05115555555555556,0.004698410553410064,0.5579333333333333,0.010750641669049191
32.0,0.0,5000,3.837298397243147e-05,4.570465169085378e-06,0.003450718772189805,0.00062021657328688,0.0008621340674764333,2.745055682955167e-05,0.00039198289810556613,2.599768286273088e-05,0.0001777018213395557,1.915327579500539e-05,0.0018002550850479161,0.0002874182233049853,0.0008439756666596276,2.727727855614851e-05,3.837298397243147e-05,4.570465169085378e-06,0.0016441417076447126,0.0002287513735006222,0.42628497958650446,0.006466352204742302,0.000831919704019898,0.00010520826735775428,8.392937039995256e-05,8.498078354318836e-07,2413.0,0.0,867.0,0.0,935.0,0.0,605.0,0.0,180.0,0.0,600.0,0.0,350.0,0.0,2413.0,0.0,1637.0,0.0,5000.0,3,0.0,0.00013113220489281124,8.63557111209886e-06,0.94184282962082,0.00925528431058293,0.7784016428612706,0.024727124166682407,0.0025570740514901714,0.0005450731728963285,active_base5000,0.8305224525488981,0.003733530001691232,near_threshold_log_variance,0.48360000000000003,0.006659329295557224,0.17733333333333334,0.0033038697848970272,0.18466666666666667,0.0003771236166328231,0.11873333333333334,0.0040835714216302796,0.035666666666666666,0.0016679994670929068,0.5164,0.006659329295557198
32.0,0.0,7500,2.9600342731556813e-05,2.398907110540113e-06,0.004552747876942134,0.0008469016762237918,0.0008529728248404287,6.117735795796206e-05,0.0003077328525783768,1.4721562228457157e-05,0.00012809886172916,7.333566154443932e-06,0.0024965800400951186,0.00024177221851381464,0.0007829066046196881,5.0032495083937515e-05,2.9600342731556813e-05,2.398907110540113e-06,0.00194381969198646,0.00034024739930214025,0.4006785357338176,0.014702927072973063,0.0010050847596934087,0.00013721817949910198,8.054589416891152e-05,4.494646330837214e-06,2413.0,0.0,867.0,0.0,935.0,0.0,605.0,0.0,180.0,0.0,600.0,0.0,350.0,0.0,2413.0,0.0,1637.0,0.0,5000.0,3,0.0,0.0001032221955381785,1.0117258925590908e-05,0.8951781996930649,0.016115009235425425,0.6875556294906812,0.033505602301347547,0.00340973469000428,0.0008389452178535882,active_base5000,0.8457248300209931,0.009773690906820051,near_threshold_log_variance,0.4532,0.01192420507483274,0.162,0.01881969024029727,0.23057777777777777,0.014978634990306676,0.11911111111111111,0.012029757342872507,0.035111111111111114,0.003167114978012422,0.5468,0.01192420507483274
32.0,0.0,10000,2.505768183269661e-05,2.260876973873456e-06,0.0044798003192401525,0.000680871513694263,0.0008510360384011806,6.25192482770421e-05,0.0002805009327166471,3.4563546025476846e-06,0.0001026074472995133,5.3562216719995954e-06,0.002535308323381034,0.00037620150005994197,0.000797753618613702,1.5686151956723804e-05,2.505768183269661e-05,2.260876973873456e-06,0.0018738419162800145,0.00027061170112502536,0.3773653760981948,0.011277608292244343,0.0009856684327512195,0.00012565633616849428,7.107783191410515e-05,3.1113695347870852e-06,2413.0,0.0,867.0,0.0,935.0,0.0,605.0,0.0,180.0,0.0,600.0,0.0,350.0,0.0,2413.0,0.0,1637.0,0.0,5000.0,3,0.0,8.870595522716131e-05,5.223966869921289e-07,0.8877669201889479,0.019385182648463128,0.6434600866016852,0.011656188113024685,0.00362819281839455,0.0007442609304522519,active_base5000,0.8522320072092802,0.0014726460270213526,near_threshold_log_variance,0.4497,0.02197286204996214,0.14323333333333335,0.011453189754629738,0.2233333333333333,0.004541903663541191,0.13523333333333332,0.015717576855934955,0.04850000000000001,0.011156164215356458,0.5503,0.021972862049962124
32.0,0.0,12500,2.2047282732917994e-05,1.6748872727580274e-06,0.00476876266831826,0.00018034567957856174,0.00087671106248903,8.131595960294718e-05,0.0002645502859705795,7.5647642729624115e-06,0.00010067353536103215,5.715617840399775e-06,0.0030219435625238275,0.00020932208440750544,0.0007980283169976816,4.2508571710255414e-06,2.2047282732917994e-05,1.6748872727580274e-06,0.0018570190517855072,0.00011163202339375501,0.3754710674287545,0.013349935672986797,0.0010371232658941782,4.472971313902999e-05,6.692409548728999e-05,3.738431106776099e-06,2413.0,0.0,867.0,0.0,935.0,0.0,605.0,0.0,180.0,0.0,600.0,0.0,350.0,0.0,2413.0,0.0,1637.0,0.0,5000.0,3,0.0,8.507340007787689e-05,2.008112177886585e-06,0.8728348737385594,0.007657188309542263,0.6471832956173905,0.00890060020794167,0.0034477518199951935,0.00016631378363694908,active_base5000,0.8477927901037114,0.002742516664800026,near_threshold_log_variance,0.4260266666666666,0.002233641769746352,0.13245333333333334,0.007558577173574991,0.24954666666666667,0.013976030274087921,0.14354666666666668,0.012308103924740904,0.048426666666666666,0.007501916792097576,0.5739733333333333,0.0022336417697463146
32.0,0.0,15000,2.458615107537888e-05,1.953912397601701e-06,0.006815731849205452,0.0016020194314673767,0.0010398006821205716,0.00016264038101674992,0.00025960286130815175,1.366340166055118e-06,9.068601132719219e-05,7.627444009600867e-06,0.00489274466558628,0.002001255625227794,0.0008017498044088847,1.4663444864605542e-05,2.458615107537888e-05,1.953912397601701e-06,0.0023448852371895606,0.0002071217864361955,0.41142851973231725,0.03286945311186017,0.0014228325493438152,0.0003086215096055319,7.247980829561129e-05,3.4482628530345343e-06,2413.0,0.0,867.0,0.0,935.0,0.0,605.0,0.0,180.0,0.0,600.0,0.0,350.0,0.0,2413.0,0.0,1637.0,0.0,5000.0,3,0.0,8.883803248942481e-05,3.666490195211646e-06,0.8036611869683591,0.07018682066302741,0.6749549981650702,0.025972055126158106,0.005319014034137834,0.0015464285145437749,active_base5000,0.8437738692069546,0.005012227750995912,near_threshold_log_variance,0.42440000000000005,0.002211753117292209,0.11780000000000002,0.004931531202375185,0.25120000000000003,0.009086742479507652,0.15597777777777777,0.008586696572296666,0.05062222222222223,0.004611204818324948,0.5756,0.002211753117292215
,,2000,4.3803024287379935e-05,1.0298552135734596e-05,0.003937953804456585,0.0007539440980526318,0.0011166747727416972,7.263356203161467e-05,0.000371440828004595,4.370742954074874e-05,0.0001587920003894249,2.6769838985632647e-05,0.002567172095716551,0.00021851611160607188,0.0008598403626690483,1.074917178670306e-05,4.3803024287379935e-05,1.0298552135734596e-05,0.0017534231750923185,0.00038715357390436874,0.4831281584329287,0.03469621485507262,0.000963459563919134,0.00015253913660158834,0.0001066940543144786,1.4208627034100188e-05,2413.0,0.0,867.0,0.0,935.0,0.0,605.0,0.0,180.0,0.0,600.0,0.0,350.0,0.0,2413.0,0.0,1637.0,0.0,5000.0,3,0.0,0.00013948006416659908,1.4065928733917596e-05,0.9144372545287435,0.01380799433962357,0.8195340208825153,0.0404422349658427,0.002782707463010206,0.0008120345615483035,random,0.825953300910132,0.004883843343510967,random,0.4785,0.010033277962194925,0.17500000000000002,0.0033416562759605636,0.18800000000000003,0.0004082482904638634,0.12133333333333333,0.009392668535736916,0.03716666666666667,0.004129837231121286,0.5215,0.010033277962194949
,,3000,4.159538945085561e-05,9.25553669916009e-06,0.0034484964581098575,0.0006195763280890505,0.0009403324111461709,0.00010378107355268009,0.00037080504492439026,4.2794563916121864e-05,0.0001528052112253367,3.868648138914579e-05,0.002411417781743239,0.000729394467495778,0.0008450665046238521,3.299989045840552e-05,4.159538945085561e-05,9.25553669916009e-06,0.0014528254600723524,0.00011115980058499612,0.461526116853397,0.018635174758396024,0.0008442537797095296,0.00011603579813782525,9.501963427283044e-05,4.875736177311845e-06,2413.0,0.0,867.0,0.0,935.0,0.0,605.0,0.0,180.0,0.0,600.0,0.0,350.0,0.0,2413.0,0.0,1637.0,0.0,5000.0,3,0.0,0.00013516490950344742,7.9262475715474e-06,0.9233406909622325,0.02764228940233554,0.7981847524826274,0.019216192705049623,0.0024208419119059617,0.00045197322801985207,random,0.8309821739752867,0.0012199679096242828,random,0.4814444444444444,0.005717635702341609,0.17966666666666664,0.0019051586888313697,0.18355555555555556,0.0034029761846919,0.11855555555555557,0.007390350732584841,0.03677777777777778,0.003937787810370967,0.5185555555555555,0.005717635702341563
,,5000,3.837298397243147e-05,4.570465169085378e-06,0.003450718772189805,0.00062021657328688,0.0008621340674764333,2.745055682955167e-05,0.00039198289810556613,2.5997682862730878e-05,0.0001777018213395557,1.915327579500539e-05,0.0018002550850479161,0.0002874182233049853,0.0008439756666596275,2.727727855614851e-05,3.837298397243147e-05,4.570465169085378e-06,0.0016441417076447126,0.00022875137350062221,0.42628497958650446,0.006466352204742303,0.000831919704019898,0.00010520826735775428,8.392937039995256e-05,8.498078354318836e-07,2413.0,0.0,867.0,0.0,935.0,0.0,605.0,0.0,180.0,0.0,600.0,0.0,350.0,0.0,2413.0,0.0,1637.0,0.0,5000.0,3,0.0,0.00013113220489281124,8.63557111209886e-06,0.94184282962082,0.009255284310582928,0.7784016428612706,0.024727124166682407,0.0025570740514901714,0.0005450731728963285,random,0.8305224525488981,0.003733530001691232,random,0.48360000000000003,0.006659329295557224,0.17733333333333334,0.0033038697848970272,0.18466666666666667,0.0003771236166328231,0.11873333333333332,0.0040835714216302796,0.03566666666666667,0.0016679994670929068,0.5164,0.006659329295557198
,,7500,2.474123432273443e-05,2.0774854307266453e-06,0.003043267639638397,3.9084742358796526e-05,0.000827715918031603,8.144699130254703e-06,0.00029620086581170335,7.598444382173117e-06,0.0001208284001384746,8.918418568446325e-06,0.002054315744550637,0.00011975954855933713,0.0008876537356433714,7.611100197442009e-06,2.474123432273443e-05,2.0774854307266453e-06,0.0012645753259385968,3.295744127847927e-05,0.40134770507584044,0.008289278696829567,0.0007346157322375606,5.0799700641192626e-06,7.041041552232248e-05,5.453906279310751e-06,2413.0,0.0,867.0,0.0,935.0,0.0,605.0,0.0,180.0,0.0,600.0,0.0,350.0,0.0,2413.0,0.0,1637.0,0.0,5000.0,3,0.0,0.00011342948609689849,5.895083671797903e-06,0.9324224054900689,0.0074532947147343525,0.7260834764686792,0.016335983954316985,0.0020571460404678627,0.00018944585682785495,random,0.835233929217357,0.005768765260910451,random,0.48102222222222224,0.004918697007024689,0.17853333333333335,0.005185735420540842,0.18813333333333335,0.0026398653164297734,0.11688888888888889,0.0025816063522591257,0.03542222222222222,0.0016305721180305893,0.5189777777777778,0.004918697007024641
,,10000,2.347848990270448e-05,2.4250446232523085e-06,0.0032783484817237815,0.0004911709165741065,0.0008038579166777109,2.5964146868157644e-05,0.00029824046720601955,3.4413240704293846e-06,0.00011804485257058601,5.979113643988187e-06,0.002209902745220107,0.00027507534175046046,0.0008681835589753393,4.41759529123985e-05,2.347848990270448e-05,2.4250446232523085e-06,0.0013230378430648092,0.00017834910654169122,0.3922550157711627,0.008118801047849183,0.0007704544876011504,8.209141692814537e-05,6.618579974807896e-05,3.674637501527312e-06,2413.0,0.0,867.0,0.0,935.0,0.0,605.0,0.0,180.0,0.0,600.0,0.0,350.0,0.0,2413.0,0.0,1637.0,0.0,5000.0,3,0.0,0.00010881597424936846,5.485922449105631e-06,0.9392675011840956,0.0020648912610976206,0.7036537997631281,0.024064800843653075,0.0021379783855003205,0.00035151658867031926,random,0.8433005859880233,0.0051450071535205765,random,0.48133333333333334,0.004034297405441926,0.17703333333333335,0.0036917325050562456,0.18983333333333333,0.0034682688605252136,0.11599999999999999,0.0027604347483684557,0.0358,0.0008524474568362946,0.5186666666666667,0.00403429740544195
,,12500,2.5322752657341836e-05,3.7364772665848627e-06,0.0033180741223037837,0.0003195053467152626,0.0007700337537973736,3.608646857750663e-05,0.00029554350402522135,1.3966850355347557e-05,0.00012033620069678995,1.5026897431451328e-05,0.002261916449514906,0.0002884128133064311,0.000841087530272267,2.5458017134208768e-05,2.5322752657341836e-05,3.7364772665848627e-06,0.0013107426112366335,8.007256754440512e-05,0.38343154347087577,0.00469148065714019,0.0007716639924121543,5.863831339793925e-05,6.68388674966991e-05,4.046778729767063e-06,2413.0,0.0,867.0,0.0,935.0,0.0,605.0,0.0,180.0,0.0,600.0,0.0,350.0,0.0,2413.0,0.0,1637.0,0.0,5000.0,3,0.0,0.00010345382333118039,3.3622086099690438e-06,0.9395418408406669,0.012303741749235618,0.6854300234392096,0.015311596681148029,0.002279420449299756,0.0002819893701616929,random,0.8454921193556846,0.0031955181643732356,random,0.4801066666666667,0.00395674389141151,0.17784,0.002926294585307502,0.1897333333333333,0.0010041690871340182,0.11613333333333335,0.0020597302951816028,0.036186666666666666,0.000842430346609668,0.5198933333333334,0.0039567438914114945
,,15000,2.8126014505759e-05,4.704953818196811e-06,0.003218624707614649,0.0003305536987360001,0.0008273105456472473,6.223137237024313e-05,0.00032666261965203663,5.4041119046144395e-05,0.00014139600202606553,2.9090819180785157e-05,0.002039103217192759,0.00034151024643136945,0.0008291351953901058,7.828618913781557e-06,2.8126014505759e-05,4.704953818196811e-06,0.001388824617125265,0.0002503526002261761,0.40033606728375243,0.02195396761653996,0.0007710066439877294,7.510148103247638e-05,7.292636655620299e-05,6.994493965974124e-06,2413.0,0.0,867.0,0.0,935.0,0.0,605.0,0.0,180.0,0.0,600.0,0.0,350.0,0.0,2413.0,0.0,1637.0,0.0,5000.0,3,0.0,0.00011692696914673546,1.3180051834740968e-05,0.941742803151851,0.010042428543347703,0.7096657844891779,0.032370514369438594,0.0021931516187753027,0.0003049593884618514,random,0.840356079214243,0.009457407593886604,random,0.4796888888888889,0.0029979416807182444,0.17784444444444444,0.0025352819016802993,0.18957777777777776,0.0022019071419404636,0.11626666666666667,0.002141650453894533,0.03662222222222222,0.001481074018040146,0.5203111111111111,0.002997941680718214
32.0,0.0,10000,2.3478489902704485e-05,2.4250446232523085e-06,0.0032783484817237815,0.0004911709165741065,0.000803857916677711,2.5964146868157644e-05,0.00029824046720601955,3.4413240704293846e-06,0.00011804485257058601,5.979113643988187e-06,0.002209902745220107,0.00027507534175046046,0.0008681835589753393,4.41759529123985e-05,2.3478489902704485e-05,2.4250446232523085e-06,0.0013230378430648092,0.00017834910654169122,0.3922550157711626,0.008118801047849183,0.0007704544876011503,8.209141692814537e-05,6.618579974807896e-05,3.6746375015273114e-06,2413.0,0.0,867.0,0.0,935.0,0.0,605.0,0.0,180.0,0.0,600.0,0.0,350.0,0.0,2413.0,0.0,1637.0,0.0,5000.0,3,0.0,0.00010881597424936846,5.485922449105631e-06,0.9392675011840956,0.0020648912610976206,0.7036537997631281,0.024064800843653075,0.002137978385500321,0.0003515165886703192,active_base10000,0.8433005859880233,0.0051450071535205765,raw_variance,0.48133333333333334,0.004034297405441926,0.17703333333333335,0.0036917325050562456,0.1898333333333333,0.0034682688605252136,0.11599999999999999,0.002760434748368456,0.0358,0.0008524474568362946,0.5186666666666667,0.00403429740544195
32.0,0.0,12500,3.4085322704415046e-05,4.7238423125336085e-06,0.002846726349800554,0.00034390783793821525,0.0008839461410192883,7.73717122523154e-05,0.0003756422574546718,2.5423933818342074e-05,0.000160474175285159,2.0407799284562218e-05,0.0018847350360708503,0.0003742123346776353,0.0008739613210313616,1.6313280329061896e-05,3.4085322704415046e-05,4.7238423125336085e-06,0.001291400623358603,8.983144382743513e-05,0.43886108571206256,0.012805097667806707,0.0007265996376254547,7.024976099770382e-05,8.409866692697203e-05,4.058437128991791e-06,2413.0,0.0,867.0,0.0,935.0,0.0,605.0,0.0,180.0,0.0,600.0,0.0,350.0,0.0,2413.0,0.0,1637.0,0.0,5000.0,3,0.0,0.00012666294797974582,3.089214081328975e-06,0.9490577160045578,0.010517879344363011,0.7588111152487408,0.016466800474456707,0.0018312845645800373,0.00019367181487248613,active_base10000,0.8293632702305307,0.004106691908465867,raw_variance,0.38506666666666667,0.0032274379243535573,0.33949333333333326,0.0030875808581404874,0.154,0.00281784787855318,0.0928,0.0022083477986947634,0.02864,0.000681957965469036,0.6149333333333333,0.0032274379243535296
32.0,0.0,15000,4.2008910946749594e-05,7.127482386240696e-06,0.004579384894578565,0.0015910637520186607,0.0013388668127681301,0.0002808471920301077,0.000377489215713421,1.802841904397404e-05,0.00011216805321886362,2.6118590643081346e-05,0.0029969441611789687,0.0008638231668855653,0.0009124367323486483,5.9489519520885004e-05,4.2008910946749594e-05,7.127482386240696e-06,0.0020483928195445473,0.0006915304213198734,0.6126853786933733,0.12369624581501473,0.0011144211801476678,0.0003287688820623282,0.00012341745847758526,2.4614099728166197e-05,2413.0,0.0,867.0,0.0,935.0,0.0,605.0,0.0,180.0,0.0,600.0,0.0,350.0,0.0,2413.0,0.0,1637.0,0.0,5000.0,3,0.0,0.00015271333074764112,1.63434072354379e-05,0.8911622471293322,0.053033934361857445,0.9004302909403515,0.0994506295750171,0.002977419557945326,0.0010150759418919501,active_base10000,0.8073274942770997,0.00916823955438067,raw_variance,0.32088888888888895,0.00268953160362796,0.44059999999999994,0.0026821771145981547,0.13726666666666668,0.002861752894578713,0.07737777777777778,0.0018072556098975494,0.023866666666666665,0.0005682983045575297,0.6791111111111111,0.0026895316036279807
32.0,0.0,3000,4.15953894508556e-05,9.25553669916009e-06,0.0034484964581098575,0.0006195763280890505,0.0009403324111461709,0.0001037810735526801,0.00037080504492439026,4.2794563916121864e-05,0.0001528052112253367,3.868648138914579e-05,0.002411417781743239,0.000729394467495778,0.0008450665046238521,3.299989045840552e-05,4.15953894508556e-05,9.25553669916009e-06,0.0014528254600723524,0.00011115980058499613,0.461526116853397,0.018635174758396024,0.0008442537797095296,0.00011603579813782524,9.501963427283044e-05,4.875736177311845e-06,2413.0,0.0,867.0,0.0,935.0,0.0,605.0,0.0,180.0,0.0,600.0,0.0,350.0,0.0,2413.0,0.0,1637.0,0.0,5000.0,3,0.0,0.0001351649095034474,7.9262475715474e-06,0.9233406909622325,0.02764228940233554,0.7981847524826273,0.019216192705049623,0.0024208419119059617,0.00045197322801985207,active_base3000,0.8309821739752867,0.0012199679096242828,raw_variance,0.4814444444444444,0.005717635702341609,0.17966666666666667,0.0019051586888313694,0.18355555555555556,0.0034029761846919,0.11855555555555557,0.007390350732584841,0.03677777777777778,0.003937787810370967,0.5185555555555555,0.005717635702341564
32.0,0.0,5000,4.729148758842409e-05,2.14052705922275e-06,0.003429091338453545,0.00031285443851124505,0.001129404147765038,2.9193095973390988e-05,0.00046653086586051013,2.9172981853200494e-05,0.00019197465880054138,1.7763674717167156e-05,0.002331310443075331,0.0002976923927857065,0.0008902821947050858,3.408747497561446e-06,4.729148758842409e-05,2.14052705922275e-06,0.0016099185382023593,0.00012530829643153348,0.5286301654924822,0.01046435207198641,0.0008919872081160216,4.377259415789686e-05,0.0001171083637624785,7.349006304982876e-06,2413.0,0.0,867.0,0.0,935.0,0.0,605.0,0.0,180.0,0.0,600.0,0.0,350.0,0.0,2413.0,0.0,1637.0,0.0,5000.0,3,0.0,0.00015900669195461774,1.6713528120490173e-06,0.9286046296380702,0.010171773677753695,0.8600402899957477,0.008659147558956177,0.0020725332362697816,0.0001650100769526891,active_base3000,0.8119324704292987,0.0010644311463364562,raw_variance,0.28886666666666666,0.003430581421404947,0.5039999999999999,0.003394112549695421,0.11393333333333333,0.0009428090415820576,0.07113333333333334,0.004434210439550906,0.022066666666666665,0.0023626726862225798,0.7111333333333333,0.0034305814214049928
32.0,0.0,7500,5.804743427078786e-05,1.3089297788251063e-05,0.005032199163764659,0.0008956392619212135,0.001421555914640009,0.00019135023122168138,0.00037285602742640747,1.3051180260269696e-05,0.00011986327813761427,1.989900523435142e-05,0.003437704422174319,0.00033268155618523397,0.0009444487659423078,4.5794548462406156e-05,5.804743427078786e-05,1.3089297788251063e-05,0.002166185107175147,0.0004574388512563938,0.7074545055475414,0.1236365503915996,0.0012158586401451053,0.00019569386964510626,0.00014777622103186636,2.619903697469516e-05,2413.0,0.0,867.0,0.0,935.0,0.0,605.0,0.0,180.0,0.0,600.0,0.0,350.0,0.0,2413.0,0.0,1637.0,0.0,5000.0,3,0.0,0.00017679253525030043,1.3625610343004457e-05,0.867877971233363,0.03657495438789712,0.9888458388179289,0.0715253432584037,0.003100874569903288,0.0005838128238404472,active_base3000,0.7923574088782962,0.01055915373887188,raw_variance,0.19257777777777776,0.0022870542809366387,0.6537333333333334,0.0022016828580446084,0.09155555555555556,0.0028727755753230797,0.04742222222222222,0.0029561402930339356,0.014711111111111112,0.0015751151241483873,0.8074222222222223,0.0022870542809366613
32.0,0.0,10000,9.642838085280763e-05,2.839905770712335e-05,0.005440821661280435,0.0008660525440188284,0.0015689851549929136,0.0001563311017404095,0.00035812071365109495,7.009146879291635e-06,0.00010686654337080074,4.552163858890944e-06,0.004179337663544831,0.0003453276185003341,0.0009487089213682847,2.8027160396583982e-05,9.642838085280763e-05,2.839905770712335e-05,0.002187197183389352,0.00041914305983410633,0.8878273360552359,0.14928903360920615,0.0013305548385623986,0.00019371994225168541,0.0002027523275197988,4.291992274638272e-05,2413.0,0.0,867.0,0.0,935.0,0.0,605.0,0.0,180.0,0.0,600.0,0.0,350.0,0.0,2413.0,0.0,1637.0,0.0,5000.0,3,0.0,0.0002443414222443765,5.2922199881100846e-05,0.8624542109664534,0.03260478113657337,1.1445247072168312,0.11989302540116753,0.0034284724039389445,0.0006502010752155215,active_base3000,0.7543610975344438,0.02485640650819775,raw_variance,0.14673333333333335,0.001049867716534904,0.7096333333333332,0.005342492135906462,0.0961,0.0027067816067549077,0.036366666666666665,0.002590152290674988,0.011166666666666667,0.0012256517540566822,0.8532666666666667,0.001049867716534896
32.0,0.0,12500,9.658676020590508e-05,1.5651307207307617e-05,0.005713202479198845,0.0005363580832604291,0.0015689078979093782,7.273517401529648e-05,0.0003492440760943813,9.726094443314432e-06,0.00010051665229052723,2.266019447985603e-06,0.004301876305346216,0.00015906647573255762,0.0009376072311829747,1.4038725642925988e-05,9.658676020590508e-05,1.5651307207307617e-05,0.0022848947973966353,0.0002981469461156473,0.9098811613418452,0.08011883503780953,0.001376544989967382,0.00010920868371948034,0.00019658018330422541,1.7916830518213696e-05,2413.0,0.0,867.0,0.0,935.0,0.0,605.0,0.0,180.0,0.0,600.0,0.0,350.0,0.0,2413.0,0.0,1637.0,0.0,5000.0,3,0.0,0.00026779539406471606,4.129864856230128e-05,0.8558289344478432,0.023242109296974157,1.1561427309952539,0.06632462714944597,0.0038093016052660636,0.0005704568042292987,active_base3000,0.7568156656006265,0.018049680723519857,raw_variance,0.13392,0.004905941975468801,0.69936,0.008360159488111847,0.12277333333333333,0.003509276595286017,0.034186666666666664,0.00156812697898551,0.00976,0.0007946487693734052,0.8660800000000001,0.004905941975468815
32.0,0.0,15000,0.00015581796278096364,5.101086303727898e-05,0.005536232054468776,0.0013250085089577602,0.0014962829230305895,0.00010532508292966277,0.0003315913999303478,6.7836556573378e-06,0.00013487811043314988,3.80609957136741e-05,0.004221499447442057,0.00019976672513053655,0.0008958576270500393,2.5175103846292316e-05,0.00015581796278096364,5.101086303727898e-05,0.0021853260495791754,0.0006959438341725469,1.0076273220564091,0.12857317242918567,0.0013599634650568644,0.00027344200413666637,0.0002592355607096882,7.390691402385978e-05,2413.0,0.0,867.0,0.0,935.0,0.0,605.0,0.0,180.0,0.0,600.0,0.0,350.0,0.0,2413.0,0.0,1637.0,0.0,5000.0,3,0.0,0.0003057328194423601,4.792461409663711e-05,0.859102089544706,0.04561027997049225,1.2595612055533774,0.12758601051733667,0.003859508761315096,0.0011715482551993518,active_base3000,0.7163122085884882,0.04238608363513368,raw_variance,0.12606666666666666,0.0009157065679127274,0.6691333333333334,0.002885981442921754,0.16051111111111113,0.003674268214703476,0.03540000000000001,0.0010081152197523333,0.008888888888888889,0.0009982701086762755,0.8739333333333333,0.0009157065679127194
32.0,0.0,5000,3.8372983972431466e-05,4.570465169085378e-06,0.003450718772189805,0.00062021657328688,0.0008621340674764333,2.745055682955167e-05,0.00039198289810556613,2.5997682862730878e-05,0.0001777018213395557,1.915327579500539e-05,0.0018002550850479161,0.0002874182233049853,0.0008439756666596275,2.7277278556148515e-05,3.8372983972431466e-05,4.570465169085378e-06,0.0016441417076447126,0.00022875137350062221,0.4262849795865044,0.006466352204742303,0.000831919704019898,0.00010520826735775428,8.392937039995256e-05,8.498078354318836e-07,2413.0,0.0,867.0,0.0,935.0,0.0,605.0,0.0,180.0,0.0,600.0,0.0,350.0,0.0,2413.0,0.0,1637.0,0.0,5000.0,3,0.0,0.00013113220489281124,8.63557111209886e-06,0.94184282962082,0.009255284310582928,0.7784016428612706,0.024727124166682407,0.0025570740514901714,0.0005450731728963285,active_base5000,0.830522452548898,0.003733530001691232,raw_variance,0.4836,0.006659329295557225,0.17733333333333334,0.0033038697848970272,0.18466666666666667,0.0003771236166328231,0.11873333333333334,0.0040835714216302796,0.03566666666666667,0.0016679994670929068,0.5164,0.006659329295557198
32.0,0.0,7500,3.859110578396235e-05,2.3823547869254e-06,0.003546694504097865,0.00040597354012877196,0.0010606565048900507,0.00011091416044388469,0.0003879506150425796,2.468363287466269e-05,0.00015961312990536423,1.969013600216431e-05,0.002096630397970532,0.00013503159399212543,0.0008974857400333635,3.05396654567816e-05,3.859110578396235e-05,2.3823547869254e-06,0.0016848138086834306,0.00026191606968123496,0.4946665663244659,0.025207826418620845,0.0008846517581730947,9.029895531024169e-05,0.00010376180496981154,9.215879557837027e-06,2413.0,0.0,867.0,0.0,935.0,0.0,605.0,0.0,180.0,0.0,600.0,0.0,350.0,0.0,2413.0,0.0,1637.0,0.0,5000.0,3,0.0,0.000141391914782675,6.389499251486403e-06,0.925661825428065,0.015542095974059538,0.8322752059812517,0.02196884922773142,0.0021431036716147056,0.00020336905270222126,active_base5000,0.8138295126171805,0.004166667891274585,raw_variance,0.3224,0.004439552863704811,0.4458222222222223,0.0014497339049155753,0.12884444444444446,0.0028748376228971023,0.07915555555555555,0.002722380947753521,0.023777777777777776,0.0011119996447286045,0.6776,0.004439552863704826
32.0,0.0,10000,4.655205474186846e-05,2.057214789622617e-06,0.004708054892215981,0.001113206959945939,0.001379936534493192,0.00016198853709797827,0.00038973435129022296,3.165878184980631e-05,0.0001171853691388157,1.6158103605070866e-05,0.003157722830943486,0.0005606712964547718,0.0009303325472216697,6.708088829665149e-05,4.655205474186846e-05,2.057214789622617e-06,0.00208231937091282,0.0004684071608526108,0.6393217810194755,0.07553515415162351,0.0011482674016740182,0.00021950772012678058,0.0001322545064491957,1.2928786025522113e-05,2413.0,0.0,867.0,0.0,935.0,0.0,605.0,0.0,180.0,0.0,600.0,0.0,350.0,0.0,2413.0,0.0,1637.0,0.0,5000.0,3,0.0,0.00016557927356804645,9.425346004557544e-06,0.8847674059328368,0.03838194292180601,0.9370401255397559,0.05900518259091232,0.0029332076685794468,0.000663597496239286,active_base5000,0.7988461620658464,0.008835576004737502,raw_variance,0.2418,0.0033296646477786124,0.5724333333333333,0.001281492185782751,0.10846666666666666,0.0007542472332656527,0.05946666666666667,0.00190146142626022,0.017833333333333336,0.0008339997335464534,0.7582,0.0033296646477786393
32.0,0.0,12500,5.974218423751822e-05,1.1826404385398661e-05,0.004935129518939323,0.0009499960638668346,0.0013750005099525656,0.00020602897331854073,0.00037600103866012756,1.4042713620428058e-05,0.0001200405957252702,2.7003314537874532e-05,0.003570719009721491,0.0005775148111901633,0.0009351996764149412,3.278957253820407e-05,5.974218423751822e-05,1.1826404385398661e-05,0.002042589745123912,0.0004026965932154532,0.6919482716369852,0.1435294053361768,0.0011915257191822198,0.0002032569113531288,0.0001447854095507258,1.9705141452847816e-05,2413.0,0.0,867.0,0.0,935.0,0.0,605.0,0.0,180.0,0.0,600.0,0.0,350.0,0.0,2413.0,0.0,1637.0,0.0,5000.0,3,0.0,0.00018349027298561935,3.034774633557428e-05,0.8767149095412702,0.037333844667249254,0.9896368045732452,0.09611823513114695,0.0033059053334803744,0.0007388973214314026,active_base5000,0.79239900321596,0.01150725007276781,raw_variance,0.19434666666666667,0.002282766352963489,0.63056,0.0017170517367471952,0.11256,0.0016983128883296728,0.04821333333333333,0.0017347686365109945,0.01432,0.0006231104770958892,0.8056533333333333,0.0022827663529634825
32.0,0.0,15000,0.00011587892684828874,3.512198918916462e-05,0.0057672660091767185,0.0015412338871425974,0.0015570514275256078,0.00014448403069609268,0.0003424364243955731,1.4031279974467797e-05,0.00011053599854407097,2.2658688287463532e-05,0.004213833288218009,0.0002663204682989284,0.0009193484956705062,2.839836896259899e-05,0.00011587892684828874,3.512198918916462e-05,0.0023415157512366707,0.00080368861236402,0.9415086134051839,0.131402316551279,0.0013925498163349667,0.0003134352880900718,0.00022227982966190515,5.8848670827354694e-05,2413.0,0.0,867.0,0.0,935.0,0.0,605.0,0.0,180.0,0.0,600.0,0.0,350.0,0.0,2413.0,0.0,1637.0,0.0,5000.0,3,0.0,0.0002639288627981705,6.033583688717822e-05,0.8549968589435673,0.04962558340062335,1.186663906784691,0.12555658649085516,0.004018537158901602,0.0013268326011876418,active_base5000,0.7412223919528955,0.0349987468873361,raw_variance,0.16824444444444442,0.0036210632092566622,0.6386222222222222,0.003384642147869673,0.13822222222222222,0.0023102562521541414,0.04268888888888889,0.0007723620976436795,0.012222222222222223,0.0005820355934981687,0.8317555555555556,0.0036210632092566492
32.0,0.0,10000,2.347848990270448e-05,2.4250446232523085e-06,0.0032783484817237815,0.0004911709165741065,0.0008038579166777109,2.5964146868157644e-05,0.00029824046720601955,3.4413240704293846e-06,0.00011804485257058601,5.979113643988187e-06,0.002209902745220107,0.00027507534175046046,0.0008681835589753393,4.41759529123985e-05,2.347848990270448e-05,2.4250446232523085e-06,0.0013230378430648092,0.00017834910654169122,0.3922550157711627,0.008118801047849183,0.0007704544876011504,8.209141692814537e-05,6.618579974807896e-05,3.674637501527312e-06,2413.0,0.0,867.0,0.0,935.0,0.0,605.0,0.0,180.0,0.0,600.0,0.0,350.0,0.0,2413.0,0.0,1637.0,0.0,5000.0,3,0.0,0.00010881597424936846,5.485922449105631e-06,0.9392675011840956,0.0020648912610976206,0.7036537997631281,0.024064800843653075,0.0021379783855003205,0.00035151658867031926,active_base10000,0.8433005859880233,0.0051450071535205765,stratified_log_variance,0.48133333333333334,0.004034297405441926,0.17703333333333335,0.0036917325050562456,0.18983333333333333,0.0034682688605252136,0.11599999999999999,0.0027604347483684557,0.0358,0.0008524474568362946,0.5186666666666667,0.00403429740544195
32.0,0.0,12500,2.5544416170051367e-05,1.1562881165787017e-06,0.0027155807095423697,0.0002823055636875887,0.00074006333729318,6.230853360250448e-05,0.0002867449268431695,3.6259444470809766e-06,0.00012232444206653604,1.0522669689805074e-05,0.0018159059550533936,0.00021425626342621963,0.0008189521914286502,2.2403406925816467e-05,2.5544416170051367e-05,1.1562881165787017e-06,0.0011397006327564987,0.00010663097182612946,0.3657260129768818,0.011411543002096613,0.0006607010904145571,6.046451037766733e-05,6.603602863227327e-05,3.002656165995236e-06,2413.0,0.0,867.0,0.0,935.0,0.0,605.0,0.0,180.0,0.0,600.0,0.0,350.0,0.0,2413.0,0.0,1637.0,0.0,5000.0,3,0.0,9.83958498235891e-05,2.692409717425387e-06,0.9491163619577979,0.009440814133952057,0.6520060958425288,0.011308884204558308,0.00181543379308336,0.00023816843661314703,active_base10000,0.8572530392181213,0.005461429459431579,stratified_log_variance,0.46909333333333336,0.005507554407861595,0.20445333333333335,0.0028935483791051797,0.18314666666666665,0.003999644428640572,0.10874666666666666,0.0025267282314399295,0.03456,0.0008541662601625046,0.5309066666666666,0.005507554407861568
32.0,0.0,15000,3.6203752064963594e-05,7.009426353005512e-06,0.0034855801868081252,0.0005850430508965468,0.0009035107712486337,0.00012147689850624113,0.00032033463992514496,5.0563174123523214e-05,0.00013096851569327083,3.6059997595290305e-05,0.0022444233568343305,0.0006097681308143574,0.0007987276741046333,1.5684588544151363e-05,3.6203752064963594e-05,7.009426353005512e-06,0.0015014958356886982,0.0002476021122997996,0.42469250586618745,0.03503286349165338,0.0008343034073584753,0.00012580990877489076,8.85726234021907e-05,1.154223930840524e-05,2413.0,0.0,867.0,0.0,935.0,0.0,605.0,0.0,180.0,0.0,600.0,0.0,350.0,0.0,2413.0,0.0,1637.0,0.0,5000.0,3,0.0,0.00010913405544733233,1.1173003230826444e-05,0.9321169347263254,0.021032627493270433,0.710271353976896,0.029574682650188512,0.002509022450942693,0.0005078220241794629,active_base10000,0.8415777445751097,0.0015067872528107193,stratified_log_variance,0.45968888888888887,0.005533020963963029,0.21524444444444443,0.0030043589731432213,0.1855111111111111,0.0032665910800022996,0.10502222222222224,0.002069412751435166,0.03453333333333334,0.0004898979485566355,0.5403111111111111,0.005533020963963005
32.0,0.0,3000,4.159538945085561e-05,9.25553669916009e-06,0.0034484964581098575,0.0006195763280890505,0.0009403324111461709,0.00010378107355268009,0.00037080504492439026,4.2794563916121864e-05,0.0001528052112253367,3.868648138914579e-05,0.002411417781743239,0.000729394467495778,0.0008450665046238521,3.299989045840552e-05,4.159538945085561e-05,9.25553669916009e-06,0.0014528254600723524,0.00011115980058499612,0.461526116853397,0.018635174758396024,0.0008442537797095296,0.00011603579813782525,9.501963427283044e-05,4.875736177311845e-06,2413.0,0.0,867.0,0.0,935.0,0.0,605.0,0.0,180.0,0.0,600.0,0.0,350.0,0.0,2413.0,0.0,1637.0,0.0,5000.0,3,0.0,0.00013516490950344742,7.9262475715474e-06,0.9233406909622325,0.02764228940233554,0.7981847524826274,0.019216192705049623,0.0024208419119059617,0.00045197322801985207,active_base3000,0.8309821739752867,0.0012199679096242828,stratified_log_variance,0.4814444444444444,0.005717635702341609,0.17966666666666664,0.0019051586888313697,0.18355555555555556,0.0034029761846919,0.11855555555555557,0.007390350732584841,0.03677777777777778,0.003937787810370967,0.5185555555555555,0.005717635702341563
32.0,0.0,5000,5.0074450436619856e-05,1.3075928948846009e-05,0.0030341335223154284,3.66140384192354e-05,0.0007990520188993454,2.7082867592315003e-05,0.0003813348119518236,2.3396186827123292e-05,0.00019640505018695946,2.9016785369841827e-05,0.0014683080734198483,0.00018672500151188634,0.0008082449548072916,7.050124057323446e-06,5.0074450436619856e-05,1.3075928948846009e-05,0.0015149036613001888,4.9526318856808774e-05,0.4331461040135845,0.011109416207672656,0.0007529195041372868,1.1962742750307622e-06,9.420018199080005e-05,7.887449053480679e-06,2413.0,0.0,867.0,0.0,935.0,0.0,605.0,0.0,180.0,0.0,600.0,0.0,350.0,0.0,2413.0,0.0,1637.0,0.0,5000.0,3,0.0,0.00013349981421227372,8.886898932538983e-06,0.9407270277593719,0.00459630710939738,0.781133254562748,0.020747478754394595,0.0022966416672732227,8.047499203799167e-05,active_base3000,0.8353893362635733,0.0016089336266409137,stratified_log_variance,0.4705333333333333,0.009269783648440194,0.22066666666666665,0.009680679498648615,0.17393333333333336,0.00965723677985697,0.10153333333333332,0.0021312489817527738,0.03333333333333333,0.0007717224601860158,0.5294666666666666,0.009269783648440187
32.0,0.0,7500,4.3097527733516e-05,2.1694388119112535e-06,0.003032029482120396,0.00012349733991086134,0.0008073663947524277,1.338332282738088e-05,0.0003405264669991009,2.9615341620863102e-05,0.000169060741814696,8.914859982308025e-06,0.0016658119545473306,0.00010125161181286678,0.0007930578455247021,3.7192532746757956e-05,4.3097527733516e-05,2.1694388119112535e-06,0.0014313067608374833,7.278995463142115e-05,0.41857063811974426,0.007318907318991583,0.0007448201841147957,2.1652877044345317e-05,9.375902057702963e-05,2.06964752559696e-06,2413.0,0.0,867.0,0.0,935.0,0.0,605.0,0.0,180.0,0.0,600.0,0.0,350.0,0.0,2413.0,0.0,1637.0,0.0,5000.0,3,0.0,0.00011654367924630032,3.5058954614596294e-06,0.9415319002207609,0.011152135476888926,0.7352585182602441,0.01832320587762261,0.0021800813779406015,0.0001383627063971313,active_base3000,0.8375675879987035,0.007564182037671798,stratified_log_variance,0.4665333333333333,0.0031117459669714282,0.23093333333333332,0.0038659003071969057,0.17248888888888889,0.0018677245679511727,0.09568888888888888,0.002234632015995832,0.034355555555555556,0.0007083278866893003,0.5334666666666666,0.003111745966971402
32.0,0.0,10000,3.3750883187154365e-05,3.516647562084035e-06,0.0030276056493704824,0.00028658942839456897,0.0008230737589526504,4.129784810038221e-05,0.00029090165717877346,7.69811347856777e-06,0.00013085357163618026,7.535879812952021e-06,0.0018984754260519467,9.77475327779611e-05,0.0008294333419896593,2.3193476120753175e-05,3.3750883187154365e-05,3.516647562084035e-06,0.0013223398184392535,0.0001520039063649003,0.4095187604236623,0.021513470371747216,0.0007350996178486421,5.828802709585289e-05,8.353384023962462e-05,6.077847110028842e-06,2413.0,0.0,867.0,0.0,935.0,0.0,605.0,0.0,180.0,0.0,600.0,0.0,350.0,0.0,2413.0,0.0,1637.0,0.0,5000.0,3,0.0,0.00010608600154335065,6.074371993315219e-06,0.9408520607731695,0.009044502119065153,0.7005026098314966,0.029413858424299943,0.0019352943535445647,0.00012436861428551452,active_base3000,0.8434774775470991,0.00521394036375026,stratified_log_variance,0.46226666666666666,0.005330624311987821,0.23666666666666666,0.004631294515455575,0.17203333333333334,0.0015434449203720272,0.09423333333333334,0.0024716166549222196,0.0348,0.0007874007874011823,0.5377333333333333,0.00533062431198783
32.0,0.0,12500,3.427116814706712e-05,3.5063652198345165e-06,0.0029034177693484883,0.0002699802447968196,0.0007798080916923116,5.377512878855902e-05,0.0003145609215841878,2.2678937445315004e-05,0.0001458533211818378,1.1680664697105923e-05,0.0017846380610586088,0.0001400067665689399,0.0008008146261478341,3.645879746451895e-05,3.427116814706712e-05,3.5063652198345165e-06,0.0012900908804775247,0.00015927780751189916,0.39538740316987836,0.006101849340585492,0.0007091286111734976,5.556078097725995e-05,8.561032882425934e-05,2.3227154489366274e-06,2413.0,0.0,867.0,0.0,935.0,0.0,605.0,0.0,180.0,0.0,600.0,0.0,350.0,0.0,2413.0,0.0,1637.0,0.0,5000.0,3,0.0,0.00010360043903705847,1.3876436231467646e-06,0.9396563290913509,0.010554583056307859,0.679966310388561,0.008496103304208726,0.001986973780350248,0.00026288308170494055,active_base3000,0.8473134197805366,0.006858894812306307,stratified_log_variance,0.45802666666666664,0.009230750541291606,0.23944000000000001,0.0024379226129363995,0.17269333333333334,0.009555526614943254,0.09469333333333334,0.0016189983185771215,0.035146666666666666,0.0009695818113438831,0.5419733333333333,0.009230750541291625
32.0,0.0,15000,3.487809622009052e-05,3.980838628209473e-06,0.0031132732176693476,0.0003403165623196536,0.000883303003648554,9.20995969282551e-05,0.0003004730215639592,2.052760741565838e-05,0.00013393904902243405,2.360311764450942e-05,0.0018979806159059838,0.0002114927683038601,0.0008226663007514746,4.65268549474539e-05,3.487809622009052e-05,3.980838628209473e-06,0.0014076174833197003,0.00023670417756205917,0.4154733342691596,0.022887282871357204,0.000763030448236007,7.477426365359513e-05,8.850847340606076e-05,5.318952823512118e-06,2413.0,0.0,867.0,0.0,935.0,0.0,605.0,0.0,180.0,0.0,600.0,0.0,350.0,0.0,2413.0,0.0,1637.0,0.0,5000.0,3,0.0,0.00010599965888015337,6.432005134571637e-06,0.9388879552273582,0.011269129589563361,0.7002715468225963,0.023211549140845143,0.002036808282354887,0.00016362949954087876,active_base3000,0.8437160616526423,0.00267934728817958,stratified_log_variance,0.4515777777777778,0.012155332112510627,0.23968888888888887,0.003453107385715644,0.17304444444444445,0.00888016238312212,0.09862222222222222,0.000684934889218774,0.03706666666666667,0.0015124177357487595,0.5484222222222223,0.012155332112510644
32.0,0.0,5000,3.837298397243147e-05,4.570465169085378e-06,0.003450718772189805,0.00062021657328688,0.0008621340674764333,2.745055682955167e-05,0.00039198289810556613,2.5997682862730878e-05,0.0001777018213395557,1.915327579500539e-05,0.0018002550850479161,0.0002874182233049853,0.0008439756666596275,2.727727855614851e-05,3.837298397243147e-05,4.570465169085378e-06,0.0016441417076447126,0.00022875137350062221,0.42628497958650446,0.006466352204742303,0.000831919704019898,0.00010520826735775428,8.392937039995256e-05,8.498078354318836e-07,2413.0,0.0,867.0,0.0,935.0,0.0,605.0,0.0,180.0,0.0,600.0,0.0,350.0,0.0,2413.0,0.0,1637.0,0.0,5000.0,3,0.0,0.00013113220489281124,8.63557111209886e-06,0.94184282962082,0.009255284310582928,0.7784016428612706,0.024727124166682407,0.0025570740514901714,0.0005450731728963285,active_base5000,0.8305224525488981,0.003733530001691232,stratified_log_variance,0.48360000000000003,0.006659329295557224,0.17733333333333334,0.0033038697848970272,0.18466666666666667,0.0003771236166328231,0.11873333333333332,0.0040835714216302796,0.03566666666666667,0.0016679994670929068,0.5164,0.006659329295557198
32.0,0.0,7500,3.0332982470131885e-05,7.888133919743694e-06,0.0031136847415848996,0.00033350234299156696,0.0008141423610358972,4.629660083953713e-05,0.0003323507212232764,3.280215572943659e-05,0.00015522358937097898,2.156210607903658e-05,0.0017683228587715247,7.759266312367356e-05,0.000830024769880052,2.1178690563716016e-05,3.0332982470131885e-05,7.888133919743694e-06,0.0014284042921372004,0.00017607484900801506,0.40105433157658094,0.017967255891827183,0.0007525987395299918,6.038367750081605e-05,7.802793379596551e-05,8.85633939585816e-06,2413.0,0.0,867.0,0.0,935.0,0.0,605.0,0.0,180.0,0.0,600.0,0.0,350.0,0.0,2413.0,0.0,1637.0,0.0,5000.0,3,0.0,0.00011491079187597396,1.2234011719621721e-05,0.9288706782636994,0.01962704569842377,0.7157726287524792,0.03731496193713338,0.002333664716619724,0.000339008909634632,active_base5000,0.8407522540460901,0.004169175829518801,stratified_log_variance,0.4639111111111111,0.013569610200284101,0.2172888888888889,0.00496665423811519,0.17813333333333334,0.008602497484042822,0.1064888888888889,0.007955679701079773,0.03417777777777778,0.0018260123185932552,0.5360888888888888,0.013569610200284075
32.0,0.0,10000,2.9700605479050266e-05,4.455446876953937e-06,0.0029412120872789912,0.0004709688459647978,0.0008199542380992903,0.000126244894916071,0.00029597796575141195,1.0501917822672161e-05,0.00012685028768117946,3.2382335488809883e-06,0.0018348363839272176,0.00027083387136094916,0.0008071302171905108,2.1883195824502037e-05,2.9700605479050266e-05,4.455446876953937e-06,0.0013043313420787591,0.000227124585010843,0.38466741016018463,0.02795801196590614,0.0007180510748753772,0.00010689746297050073,7.736071741722601e-05,1.3184764994870452e-05,2413.0,0.0,867.0,0.0,935.0,0.0,605.0,0.0,180.0,0.0,600.0,0.0,350.0,0.0,2413.0,0.0,1637.0,0.0,5000.0,3,0.0,9.730109307260442e-05,2.681801224392065e-06,0.9383946103800592,0.01563673347885273,0.6776366576695318,0.01772055619013611,0.0019602951866686106,0.00030960965414957183,active_base5000,0.8472665851226632,0.002747132633986119,stratified_log_variance,0.45796666666666663,0.013086974015748964,0.23246666666666668,0.007061790770681954,0.1718666666666667,0.005837998134825167,0.10253333333333332,0.005897645481225728,0.035166666666666666,0.0023612614331233136,0.5420333333333334,0.01308697401574897
32.0,0.0,12500,2.7613354589228773e-05,5.146124648104801e-06,0.0031790100914061794,5.809766377560246e-05,0.0008217639137875071,4.131539338326462e-05,0.000295490487764826,2.7093163328566474e-05,0.000125019964523116,1.8420540991008345e-05,0.0018286417601204145,5.402841473680943e-05,0.0007943605330942746,2.1511811370159127e-05,2.7613354589228773e-05,5.146124648104801e-06,0.0014359285917514434,5.485112642070624e-05,0.3799925065559166,0.0075708808458680365,0.0007584914743952333,1.2497319465443043e-05,7.742192853280964e-05,9.460093241360875e-06,2413.0,0.0,867.0,0.0,935.0,0.0,605.0,0.0,180.0,0.0,600.0,0.0,350.0,0.0,2413.0,0.0,1637.0,0.0,5000.0,3,0.0,9.628615697492494e-05,5.030476376886678e-06,0.9374681223583522,0.012046703071267742,0.6553488129102921,0.0233725813639073,0.002125524171635559,0.00010721788052906047,active_base5000,0.8541228066769122,0.008490848848681851,stratified_log_variance,0.4558933333333333,0.010287874200025754,0.23768,0.005409719647695864,0.17085333333333333,0.00366625452229141,0.10050666666666667,0.005055566788754313,0.03506666666666666,0.002255501915070985,0.5441066666666666,0.010287874200025754
32.0,0.0,15000,3.391357907694317e-05,5.393291312759616e-06,0.002838075099358374,5.819692921758194e-05,0.0008220949571920805,6.899497809450121e-05,0.0003171816307232744,4.2547304042373876e-05,0.00014931331330040446,4.368460354636556e-05,0.0017436104702440187,0.0003208770529080144,0.0008124744803107898,3.782724168073577e-05,3.391357907694317e-05,5.393291312759616e-06,0.0012935301336864827,8.828221676569439e-05,0.39914801844898945,0.008815624944729735,0.0007059749290825246,6.75131946807349e-06,8.347636382192529e-05,4.7986040826820795e-06,2413.0,0.0,867.0,0.0,935.0,0.0,605.0,0.0,180.0,0.0,600.0,0.0,350.0,0.0,2413.0,0.0,1637.0,0.0,5000.0,3,0.0,0.00010467112181834027,9.888492133990887e-06,0.9474549422491947,0.004264308123987533,0.6865471570059682,0.018393701616785794,0.0018588181311456591,9.040444951841344e-05,active_base5000,0.8462187930167516,0.0008152564447541833,stratified_log_variance,0.4534222222222222,0.006091726832554891,0.23757777777777778,0.0063745636500387275,0.1733111111111111,0.0014969928704977199,0.10022222222222221,0.0033441306608060664,0.03546666666666667,0.0018981472448055647,0.5465777777777777,0.006091726832554865
