architecture,row,base_size,total_labels,balanced_accuracy_mean,balanced_accuracy_std,balanced_accuracy_count,recall_blocked_mean,recall_blocked_std,recall_blocked_count,recall_assemblable_mean,recall_assemblable_std,recall_assemblable_count,roc_auc_mean,roc_auc_std,roc_auc_count,mcc_mean,mcc_std,mcc_count,brier_mean,brier_std,brier_count,ece_10bin_mean,ece_10bin_std,ece_10bin_count,fit_wall_s_mean,fit_wall_s_std,fit_wall_s_count,parameter_count_mean,parameter_count_std,parameter_count_count
constraint_graph_mpnn_v1,baseline_random,0,250,0.8782764811490127,0.006583602085236827,5,0.875,0.03367032919855556,5,0.8815529622980252,0.03125252810894963,5,0.9523811252508185,0.005623365059380163,5,0.5919992478079784,0.037320182140642574,5,0.08377516097231866,0.01647137839241047,5,0.10999455858875022,0.03225462469260254,5,26.273352083202916,5.698691311462166,5,46033.0,0.0,5
constraint_graph_mpnn_v1,baseline_random,0,500,0.8942628577463301,0.02276733981665452,5,0.8852941176470589,0.06051676073989607,5,0.9032315978456014,0.020996680859727418,5,0.9643723103020383,0.009648649856013611,5,0.6375842477610303,0.027441471161122517,5,0.06941214227230028,0.011537882264751087,5,0.09289555276065745,0.02408910580342523,5,53.91500409200089,21.585082315358584,5,46033.0,0.0,5
constraint_graph_mpnn_v1,baseline_random,0,1000,0.924090783081635,0.009619836932651926,5,0.9547794117647059,0.02419916504965298,5,0.8934021543985636,0.03022341472431695,5,0.9772882234132432,0.005347603457848883,5,0.6658183763750991,0.04550466097264169,5,0.0699780969212183,0.01667627826921387,5,0.10801239489091632,0.03198897638327272,5,90.26514029980171,45.359277231292545,5,46033.0,0.0,5
constraint_graph_mpnn_v1,baseline_random,0,2000,0.936702331291583,0.006450652796926123,5,0.9643382352941178,0.026594125535083477,5,0.9090664272890484,0.018734008035998406,5,0.9835801364980462,0.001726141512912846,5,0.7008766338913205,0.024500907260094157,5,0.059286607809757266,0.009290829354784164,5,0.09213790791801894,0.0189014175864294,5,197.49548197479453,55.03773421444173,5,46033.0,0.0,5
constraint_graph_mpnn_v1,baseline_random,0,3500,0.9451047497095786,0.0028969449632578474,5,0.9805147058823529,0.0106870895983446,5,0.9096947935368043,0.00922103409987052,5,0.9869016659626147,0.00188776457181049,5,0.7111545850145179,0.01395727668548545,5,0.0575067980934699,0.005262671687009101,5,0.09246696027101711,0.009371229996081504,5,420.4307728584157,61.64348130043332,5,46033.0,0.0,5
constraint_graph_mpnn_v1,row1_pure_hybrid,0,250,0.8726712661051853,0.03073378108324974,8,0.8497242647058824,0.09047591692885819,8,0.8956182675044884,0.03274382061412578,8,0.9543440014372557,0.00819646868148113,8,0.601872677321823,0.019506169497754116,8,0.07716693268642638,0.012826955620724027,8,0.09660201263798385,0.03509476034244051,8,14.154782151250402,5.993895737890484,8,46033.0,0.0,8
constraint_graph_mpnn_v1,row1_pure_hybrid,0,500,0.909502183110677,0.016628689154288005,8,0.9253216911764706,0.05047561631281899,8,0.8936826750448833,0.027106200296176663,8,0.9710695035279597,0.0061710305294130985,8,0.646571092769413,0.0296822719589064,8,0.07376505302342802,0.01213300211525538,8,0.09402930600042171,0.02821486062083355,8,25.927058656248846,9.761126996095356,8,46033.0,0.0,8
constraint_graph_mpnn_v1,row1_pure_hybrid,0,1000,0.952110587839265,0.007573853442436602,8,0.9875919117647058,0.004366672570461122,8,0.916629263913824,0.017387367034771384,8,0.9810504178107509,0.006898184491782053,8,0.7320313253379415,0.03565618614931894,8,0.05953563500585039,0.01232813425070262,8,0.07490874574429951,0.01578706675284285,8,77.29318592714117,14.988431245739168,8,46033.0,0.0,8
constraint_graph_mpnn_v1,row1_pure_hybrid,0,2000,0.9657443037807583,0.006685471945084678,8,0.9503676470588235,0.015597943702644433,8,0.9811209605026929,0.003064010527411155,8,0.9969938396841007,0.0002207092445907967,8,0.8920412660804966,0.0071995775011226976,8,0.018927379545298544,0.0014344411012894552,8,0.030964460137941706,0.004368183153309302,8,161.06451757800096,2.602498797263004,8,46033.0,0.0,8
constraint_graph_mpnn_v1,row1_pure_hybrid,0,3500,0.9710515068909071,0.004123177505878444,8,0.9508272058823529,0.008884049277330486,8,0.9912758078994613,0.00173599319426482,8,0.9987100691235875,0.00017245340202866417,8,0.9331154655012763,0.006865598611015309,8,0.010504586691254703,0.000537463192433673,8,0.013686554062282304,0.001360649076793152,8,279.01295672386186,4.914793661538695,8,46033.0,0.0,8
constraint_graph_mpnn_v1,row1_pure_hybrid,1000,1000,0.9225381425572922,0.00924372019164197,8,0.9354319852941176,0.02340594040118904,8,0.9096442998204668,0.010578524592485865,8,0.9776231155613053,0.0031092028032591265,8,0.6821957888055487,0.016696617735970486,8,0.06125174959550292,0.005615732563614275,8,0.08880314491202995,0.010819355893964499,8,54.172955203008314,10.848263450341609,8,46033.0,0.0,8
constraint_graph_mpnn_v1,row1_pure_hybrid,1000,2000,0.9640541668866829,0.004916729178955938,8,0.9894301470588236,0.008438166498455675,8,0.9386781867145422,0.005894634519371149,8,0.9907382808374696,0.002330778689364541,8,0.7840830030403975,0.01565412425008947,8,0.04041964280677618,0.0037763136394927633,8,0.0614330210363028,0.005497641770038377,8,194.30588178136531,17.87219375280786,8,46033.0,0.0,8
constraint_graph_mpnn_v1,row1_pure_hybrid,1000,3500,0.9780583350934628,0.002681832693662142,8,0.9779411764705882,0.005199314567548142,8,0.9781754937163375,0.0017414242476939876,8,0.9978780469492554,0.0003290505893084746,8,0.8976688792221531,0.006912968462158153,8,0.018310721831423234,0.0012042818536611402,8,0.03417363122485549,0.002185837934703917,8,394.68328735413525,8.58084109372035,8,46033.0,0.0,8
constraint_graph_mpnn_v1,row1_pure_hybrid,2500,3500,0.9616833548949203,0.004296184281984109,8,0.9954044117647058,0.007286994183567028,8,0.9279622980251346,0.009872140633286038,8,0.9924467753326645,0.0014272316125054734,8,0.7617519523160248,0.021205447415910263,8,0.045629658424355894,0.004537247597094216,8,0.08086339463321,0.00904553933896135,8,368.5348918593809,33.32348645492824,8,46033.0,0.0,8
constraint_graph_mpnn_v1,row2_hybrid_diverse_half,0,250,0.8701993841746752,0.023768940157446187,8,0.8506433823529412,0.06635676595057712,8,0.8897553859964094,0.029717490026809002,8,0.9522698761253828,0.011655553760725764,8,0.5908172815873949,0.03601817349450063,8,0.0805608338843668,0.013891874792730607,8,0.10016443453771665,0.03344937915715851,8,19.993892807120574,6.075322589718315,8,46033.0,0.0,8
constraint_graph_mpnn_v1,row2_hybrid_diverse_half,0,500,0.9277601581476397,0.020169155411021975,8,0.9117647058823529,0.04222800126053459,8,0.9437556104129264,0.010792636389063897,8,0.9841877627818407,0.0051912375620823265,8,0.7484246369552451,0.033623561400572745,8,0.04154673561291438,0.006267506506425375,8,0.04767983614429153,0.011910935154113428,8,49.21196585425059,12.343353282190822,8,46033.0,0.0,8
constraint_graph_mpnn_v1,row2_hybrid_diverse_half,0,1000,0.972612109251241,0.006189595279801138,8,0.9751838235294118,0.014440889795028949,8,0.97004039497307,0.00503242289570366,8,0.9961378907487591,0.0008093540223357361,8,0.8676769309405239,0.013749836371189922,8,0.022719347695213662,0.002651753882693422,8,0.03444034169040344,0.005382043198116687,8,113.50024831749761,3.2809621369279585,8,46033.0,0.0,8
constraint_graph_mpnn_v1,row2_hybrid_diverse_half,0,2000,0.967610797404689,0.0041201689203754464,8,0.9588694852941176,0.010255475002031906,8,0.9763521095152603,0.003010714172367731,8,0.9964846225182173,0.000416387639136206,8,0.8795126074366387,0.007496097532374998,8,0.025361451056031478,0.002487588309141299,8,0.05230142852457513,0.007341166568005786,8,231.63251564050006,12.672922040221218,8,46033.0,0.0,8
constraint_graph_mpnn_v1,row2_hybrid_diverse_half,0,3500,0.9692867020012673,0.004818590175136638,8,0.9462316176470589,0.008663976726010316,8,0.9923417863554758,0.0030967098030967723,8,0.9986669597007339,0.000483440675652185,8,0.935100067376041,0.014730671719422017,8,0.010752418363794734,0.002010573739336459,8,0.014813948498211157,0.0031307679030219094,8,423.65171081774315,87.21874879334743,8,46033.0,0.0,8
constraint_graph_mpnn_v1,row2_hybrid_diverse_half,1000,1000,0.9257422658807688,0.008940119575258634,8,0.9395680147058824,0.029517233102351253,8,0.9119165170556554,0.019003417115111106,8,0.9789672426140563,0.003104383044883711,8,0.6911929046516395,0.02610212792086452,8,0.059957809643724304,0.009215090526586141,8,0.0875595298936326,0.018182935083844356,8,101.30688857812493,25.31419723831284,8,46033.0,0.0,8
constraint_graph_mpnn_v1,row2_hybrid_diverse_half,1000,2000,0.9663653682411025,0.006363193618077018,8,0.9795496323529411,0.01248444642206444,8,0.9531811041292639,0.0058199366778233655,8,0.9941025690740839,0.0012361096039595011,8,0.8175839625713607,0.01728572608836854,8,0.03583099769536548,0.003227686441276781,8,0.06953535803999629,0.00758046075121776,8,285.01543204173504,49.50877809331158,8,46033.0,0.0,8
constraint_graph_mpnn_v1,row2_hybrid_diverse_half,1000,3500,0.9746238135626782,0.005129429146616259,8,0.9744944852941176,0.011048543456039814,8,0.9747531418312388,0.003046496285766767,8,0.9973489767596895,0.0003965891515927478,8,0.8833429311662666,0.01029256126784031,8,0.02096390579779229,0.0021131052558069395,8,0.039607142058955616,0.004642785675701408,8,505.7491414218821,54.83449510426119,8,46033.0,0.0,8
constraint_graph_mpnn_v1,row2_hybrid_diverse_half,2500,3500,0.9593331694212694,0.004079848806055772,8,0.9839154411764706,0.004254687958513578,8,0.9347508976660682,0.011333589584126105,8,0.9916993734488858,0.001012628135104882,8,0.7713486789565135,0.02564483802950978,8,0.04566533683990842,0.005742394307900569,8,0.08762766318551164,0.011830289006568151,8,431.79475650512904,116.99915087620069,8,46033.0,0.0,8
edge_pool_graph_v1,baseline_random,0,250,0.840651401943183,0.031766433142282065,5,0.8238970588235294,0.03271335842135672,5,0.8574057450628366,0.061348186307790036,5,0.9170925767636499,0.03571440300305464,5,0.525732226334309,0.08439961191437902,5,0.10162345264291876,0.035160738678300135,5,0.12908536703510665,0.060297579245866914,5,0.9055983748054132,0.3774403048613975,5,13697.0,0.0,5
edge_pool_graph_v1,baseline_random,0,500,0.8914619415989016,0.022221426811194222,5,0.8856617647058822,0.04429727524679886,5,0.8972621184919211,0.011976779634836567,5,0.9599190450417151,0.013249906206350472,5,0.6246111513662902,0.0354367334763098,5,0.07305348148214486,0.007784552771337864,5,0.09565436012116017,0.014800426963196684,5,2.8316910665947943,0.6918762961102742,5,13697.0,0.0,5
edge_pool_graph_v1,baseline_random,0,1000,0.9277547127468582,0.0061399924197999625,5,0.96875,0.009005476995526378,5,0.8867594254937163,0.020095994754028068,5,0.9783927322050904,0.003101403381255763,5,0.6600855598825852,0.03232617744487665,5,0.07331444518308566,0.011983792214548402,5,0.11224073300828996,0.019581250317706658,5,4.808241182984784,1.8010067204884668,5,13697.0,0.0,5
edge_pool_graph_v1,baseline_random,0,2000,0.9339512488119125,0.012743773885504944,5,0.9555147058823529,0.028696495647670097,5,0.9123877917414722,0.012028390359494075,5,0.9816063437268984,0.0045249563307603454,5,0.7011258359840329,0.02367018649876814,5,0.05798684283691953,0.006960054571355226,5,0.08902159616837022,0.010766030142917028,5,7.763354341383092,3.833566588280805,5,13697.0,0.0,5
edge_pool_graph_v1,baseline_random,0,3500,0.9491957308057873,0.0035422241675258257,5,0.9849264705882353,0.0054220151484384825,5,0.9134649910233392,0.005438571196345317,5,0.9883245656880346,0.0013358461534976845,5,0.7217040818140624,0.011737262537918052,5,0.05435891443905527,0.004079643367057306,5,0.09004353039118004,0.006004500222703388,5,18.760708749992773,2.138020063057101,5,13697.0,0.0,5
edge_pool_graph_v1,row1_pure_hybrid,0,250,0.8428451146504383,0.02817018289364023,8,0.7998621323529411,0.07487243474088068,8,0.8858280969479353,0.025330182239810782,8,0.9286558646966417,0.020386766771135736,8,0.547666915091643,0.029535763092765937,8,0.08887209558219465,0.011332771228202362,8,0.10226149490808409,0.028407322113092357,8,1.228685505237081,0.5498058821677118,8,13697.0,0.0,8
edge_pool_graph_v1,row1_pure_hybrid,0,500,0.90742777418418,0.021565165556710758,8,0.9278492647058824,0.05593579860757799,8,0.8870062836624776,0.02633484696541215,8,0.9672715685311939,0.009945654647689577,8,0.6354315981439885,0.03451344039265734,8,0.07985349365660689,0.013072051118907583,8,0.10248300131504795,0.024581513285208415,8,2.3968267707532505,0.7813532850676159,8,13697.0,0.0,8
edge_pool_graph_v1,row1_pure_hybrid,0,1000,0.9520375699651494,0.006532181673607891,8,0.9825367647058824,0.0056444814233731384,8,0.9215383752244165,0.012436654358020084,8,0.9820983996297128,0.004775094216968948,8,0.7390000040888312,0.02893159267052213,8,0.05675434519636315,0.009290117128149583,8,0.06990892998981123,0.010800265589341869,8,7.309668270892871,0.6788367256661184,8,13697.0,0.0,8
edge_pool_graph_v1,row1_pure_hybrid,0,2000,0.9692611251188088,0.005029096273899555,8,0.9572610294117647,0.01298899861031117,8,0.9812612208258528,0.003107291920098372,8,0.9971916995590876,0.0002880325529062189,8,0.896785627108863,0.0047280470820934084,8,0.018712080154692837,0.001006295511433242,8,0.03152644434199532,0.002403562465273112,8,17.364346630238288,0.5749537695652431,8,13697.0,0.0,8
edge_pool_graph_v1,row1_pure_hybrid,0,3500,0.9704296173698383,0.0028408944739863966,8,0.94921875,0.006803067323360773,8,0.9916404847396768,0.0015536459600491675,8,0.9986792840453057,0.00017411392572446325,8,0.9337165032101744,0.004327440053540607,8,0.010537430641313857,0.0006107790975879378,8,0.013333444289495122,0.0010117340369622415,8,25.648666526009038,1.2891546604692639,8,13697.0,0.0,8
edge_pool_graph_v1,row1_pure_hybrid,1000,1000,0.9214333862472278,0.008977777345353991,8,0.9345128676470589,0.02462211117508989,8,0.9083539048473968,0.013107559034691504,8,0.9765598701189407,0.0032716620730064688,8,0.6792462158020734,0.01928897913084775,8,0.0619306714137326,0.007085703643446163,8,0.09006655983162856,0.014496301270028284,8,4.448656557004142,1.4308290769248264,8,13697.0,0.0,8
edge_pool_graph_v1,row1_pure_hybrid,1000,2000,0.9650273260111945,0.005570689491117974,8,0.9898897058823529,0.005644481423373082,8,0.9401649461400359,0.006389188182034869,8,0.9914357149811226,0.002516760198203951,8,0.788292986857328,0.01970441083050315,8,0.03913287060415817,0.004099069981170692,8,0.059990089342899525,0.0046111467820741225,8,14.686594010367116,0.7876704027048381,8,13697.0,0.0,8
edge_pool_graph_v1,row1_pure_hybrid,1000,3500,0.9774024118175098,0.0032602292163276536,8,0.9770220588235294,0.009269623211514082,8,0.9777827648114901,0.004863755134268484,8,0.9975921118419315,0.0004909409154173383,8,0.8960427120928618,0.014244817535008567,8,0.018822268525502495,0.0017799776334518503,8,0.03335716232672855,0.0035613966130797277,8,25.25975877599558,0.7734754245407369,8,13697.0,0.0,8
edge_pool_graph_v1,row1_pure_hybrid,2500,3500,0.9620981541741472,0.0035023830599716396,8,0.99609375,0.0026796653928516856,8,0.9281025583482945,0.008635923400804145,8,0.9918847027141198,0.0010874294312128198,8,0.7623743398016247,0.01999159898069615,8,0.04598914032495593,0.0036548212550377465,8,0.0804113270391705,0.005893372656138464,8,24.488254119627527,3.792141889092968,8,13697.0,0.0,8
edge_pool_graph_v1,row2_hybrid_diverse_half,0,250,0.840726358710001,0.03972824562583227,8,0.7805606617647058,0.10252738666886313,8,0.9008920556552962,0.027144974481655898,8,0.9315411020501109,0.026026796403059844,8,0.5633510783952608,0.03330517774910253,8,0.08101603431492757,0.01010587265763808,8,0.08634538820311242,0.02629058494789206,8,1.4384825052620727,0.5156797038239082,8,13697.0,0.0,8
edge_pool_graph_v1,row2_hybrid_diverse_half,0,500,0.9137807417625937,0.013309766088107343,8,0.8929227941176471,0.0345687396376186,8,0.9346386894075404,0.011737127894340386,8,0.9780069234970694,0.0028477474040429977,8,0.7124269947472193,0.01879325329551428,8,0.04933055026618499,0.004962195725972692,8,0.05805800951641736,0.014680635566837663,8,2.4025457605021074,0.8702156345706865,8,13697.0,0.0,8
edge_pool_graph_v1,row2_hybrid_diverse_half,0,1000,0.9722787847185552,0.004355421180437726,8,0.9742647058823529,0.011331643387810616,8,0.9702928635547576,0.0030581345789075062,8,0.9961961606624248,0.00027214944545880316,8,0.8677542408855115,0.005373289999736726,8,0.022321590337660426,0.001419432180725044,8,0.03374746746073591,0.004505084460184448,8,6.883023073009099,0.1717333596234277,8,13697.0,0.0,8
edge_pool_graph_v1,row2_hybrid_diverse_half,0,2000,0.9660155424939275,0.0028785530276754603,8,0.9519761029411764,0.0066232979491290065,8,0.9800549820466786,0.0025203183847864116,8,0.9967128549411236,0.0005216872330920813,8,0.888918166038034,0.008338447439643262,8,0.02439241755737146,0.002142547158162039,8,0.05062853940824358,0.005694986734530452,8,13.923309802128642,0.29460077272813745,8,13697.0,0.0,8
edge_pool_graph_v1,row2_hybrid_diverse_half,0,3500,0.9713908131138451,0.0034157954634678935,8,0.9510569852941176,0.006803067323360797,8,0.9917246409335727,0.0011216817699108849,8,0.9987777756692893,0.0001521668763030066,8,0.9351227199322629,0.006060609413351341,8,0.010278570697737674,0.0004067143882218675,8,0.013431646811571626,0.000981597153658089,8,24.438814124987402,0.8087762721754516,8,13697.0,0.0,8
edge_pool_graph_v1,row2_hybrid_diverse_half,1000,1000,0.9228887933651917,0.0162487125226235,8,0.9354319852941176,0.03961432092983962,8,0.9103456014362658,0.014723795511612894,8,0.9774664055899515,0.004212315825382777,8,0.6842809720229455,0.024889979875244498,8,0.06102233461109457,0.007583181666689755,8,0.08886532474055894,0.015958615931440073,8,4.890402734243253,1.1538132377131514,8,13697.0,0.0,8
edge_pool_graph_v1,row2_hybrid_diverse_half,1000,2000,0.9706903365587707,0.0034620093432834167,8,0.9859834558823529,0.009266367856466716,8,0.9553972172351884,0.0049513511782367904,8,0.994822022025821,0.0006526369931509781,8,0.8280410418325054,0.011568699792971416,8,0.03422186242716888,0.0024202651575257867,8,0.06731918939832629,0.004519481919942772,8,14.330524666627753,0.713885500997318,8,13697.0,0.0,8
edge_pool_graph_v1,row2_hybrid_diverse_half,1000,3500,0.9771773765049108,0.0026166080952334993,8,0.9781709558823529,0.00806896458137426,8,0.9761837971274685,0.0033079014188999003,8,0.9976324882511353,0.00019991512489585746,8,0.8907346903131955,0.00758447939904936,8,0.020110430771317744,0.0014954627967840193,8,0.03816968051267195,0.004027782438841054,8,24.391412312754255,0.9993492890811329,8,13697.0,0.0,8
edge_pool_graph_v1,row2_hybrid_diverse_half,2500,3500,0.9609195549292427,0.004764405817899669,8,0.9864430147058824,0.009969052574719367,8,0.9353960951526032,0.006234738714431941,8,0.9924573464231967,0.0010951539454688694,8,0.773849957524816,0.01443212650249399,8,0.04440156102425302,0.002099156845023117,8,0.08494308878353914,0.0035209243196666733,8,23.09706385399477,3.8983414549387705,8,13697.0,0.0,8
mlp64_control,baseline_random,0,250,0.7603073186186504,0.05066567279519443,5,0.7044117647058823,0.08024691903559839,5,0.8162028725314183,0.11878885832918785,5,0.8569245283952899,0.06872240179250007,5,0.4062680873320638,0.12207799298987579,5,0.14333460276563537,0.06507739355102603,5,0.21379599084945783,0.1399060764284166,5,0.07500792481005192,0.04078869854949352,5,3009.0,0.0,5
mlp64_control,baseline_random,0,500,0.8610634042665539,0.03254405190363646,5,0.8172794117647058,0.05477200897473114,5,0.9048473967684021,0.04409056431177465,5,0.9481094558559509,0.027317179744546085,5,0.6028184451790324,0.08069248325368263,5,0.07476842068338213,0.026681094810598972,5,0.0896247148197,0.06325555499198064,5,0.24541759160347282,0.19199505522829594,5,3009.0,0.0,5
mlp64_control,baseline_random,0,1000,0.9282787913190411,0.015980427925167857,5,0.9290441176470589,0.0271598875907953,5,0.9275134649910234,0.010406975718740481,5,0.9826837905269826,0.005590519968521791,5,0.718103876672676,0.03552086276439124,5,0.05113945485877534,0.008602398690199771,5,0.06212745289152398,0.01158456659693352,5,0.696789700014051,0.3142589093374167,5,3009.0,0.0,5
mlp64_control,baseline_random,0,2000,0.9631102149118176,0.011824910848118169,5,0.9753676470588235,0.027774999260306632,5,0.9508527827648114,0.006463429454180751,5,0.9932410200390749,0.001928806352682275,5,0.8082773151579303,0.013473412811915466,5,0.03276328365267404,0.002739106790255175,5,0.045646231420848914,0.008246735665372883,5,1.5799651165958495,0.32009595193263,5,3009.0,0.0,5
mlp64_control,baseline_random,0,3500,0.9730759583905375,0.004534189142638615,5,0.9889705882352942,0.006754107746644839,5,0.9571813285457809,0.009809594824176298,5,0.9961259273682543,0.0007890341212942115,5,0.8359189131721084,0.027260036219730718,5,0.027240279815222833,0.005257209110397243,5,0.04130238087281918,0.008657913073577916,5,2.236215508193709,0.45560017976824013,5,3009.0,0.0,5
mlp64_control,row1_pure_hybrid,0,250,0.830795309034745,0.03696317220315195,8,0.7504595588235294,0.0973136833276943,8,0.9111310592459605,0.033324584411309276,8,0.933352471304388,0.015395346882631443,8,0.5665851991474303,0.04209708269582182,8,0.07586820326957829,0.013345177352276265,8,0.08143516311951512,0.038781740631576245,8,0.7923572813670035,0.05570871631780876,8,3009.0,0.0,8
mlp64_control,row1_pure_hybrid,0,500,0.9031061061094097,0.021916132677974962,8,0.9048713235294118,0.05379783318625703,8,0.9013408886894075,0.024842683267545126,8,0.9650581368726239,0.010960473639137748,8,0.6477046911638559,0.03819895172733759,8,0.07483285882027116,0.012084900894988662,8,0.08129401007006874,0.021291050901054875,8,0.40508571362443035,0.28105854346097675,8,3009.0,0.0,8
mlp64_control,row1_pure_hybrid,0,1000,0.9630694569120287,0.007678359977705512,8,0.984375,0.00850937591702715,8,0.9417639138240574,0.013070765693403812,8,0.9899063102294329,0.005653251675282495,8,0.7901751729859741,0.03449340095650848,8,0.04288308772014418,0.010110952754240198,8,0.05037140238137382,0.010513153457864906,8,0.7726479637422017,0.14214739821402742,8,3009.0,0.0,8
mlp64_control,row1_pure_hybrid,0,2000,0.9945950271940015,0.0015623781001563545,8,0.9935661764705883,0.0032588428692202696,8,0.9956238779174147,0.0008223746690420861,8,0.9998151863977189,6.440382854147978e-05,8,0.9767268550381801,0.0035521322209002694,8,0.003969078701311237,0.0004712077038972834,8,0.007031894602867933,0.000949794910909577,8,1.747250562235422,0.2523666849795818,8,3009.0,0.0,8
mlp64_control,row1_pure_hybrid,0,3500,0.9913065414114479,0.004655802049836722,8,0.9846047794117647,0.009773442095000596,8,0.9980083034111311,0.0010209454131784588,8,0.9998931546361812,4.087531501860188e-05,8,0.9822437377885267,0.005167324509516959,8,0.002863237018853261,0.0005312565970135104,8,0.004450317268099683,0.0004989504028537118,8,3.0428136510090553,0.7864602786618514,8,3009.0,0.0,8
mlp64_control,row1_pure_hybrid,1000,1000,0.9213927520065477,0.010774042699835328,8,0.9214154411764706,0.030312972175794633,8,0.9213700628366248,0.019932120655392654,8,0.9780439996633752,0.0043233438822875,8,0.7009412946163273,0.034266357878842746,8,0.056299830863832986,0.010513103604124658,8,0.0685078661120418,0.02138140463929921,8,0.4786981252473197,0.21223637454860794,8,3009.0,0.0,8
mlp64_control,row1_pure_hybrid,1000,2000,0.9878392237168656,0.0026587984132092598,8,0.9951746323529412,0.000951377149828608,8,0.98050381508079,0.005303122864452232,8,0.9989363935935686,0.00043117504927657924,8,0.917071786596654,0.019604179395569823,8,0.012908689274648614,0.0033004992428455325,8,0.01771134930474639,0.004191602954761754,8,2.074489447863016,0.35741617335344167,8,3009.0,0.0,8
mlp64_control,row1_pure_hybrid,1000,3500,0.9953551143864189,0.0035025635330024054,8,0.9937959558823529,0.007414233771999135,8,0.9969142728904847,0.0011490100626735662,8,0.9999146577813127,2.470801300256138e-05,8,0.982573146548462,0.0050416642236078375,8,0.0029174953609523804,0.00045518965805262237,8,0.0059655236245187895,0.0004513006136552953,8,3.193784265749855,0.5533154093694879,8,3009.0,0.0,8
mlp64_control,row1_pure_hybrid,2500,3500,0.9856526065318407,0.002057503371678664,8,0.9977022058823529,0.0019027542996572183,8,0.9736030071813285,0.0034536767674583926,8,0.9988517217367198,0.0005695155020902112,8,0.8934913401333239,0.012160705128945721,8,0.01616612045648757,0.002197224314478894,8,0.026728926511898246,0.002144255225378203,8,3.1331918957439484,0.5528256072317336,8,3009.0,0.0,8
mlp64_control,row2_hybrid_diverse_half,0,250,0.8276279009135072,0.029788044848833618,8,0.7458639705882353,0.07796959952252805,8,0.9093918312387792,0.03879295839660227,8,0.9313716036375277,0.02086738087809438,8,0.5622512364221421,0.055677188633117054,8,0.07910657648229055,0.019436238591809908,8,0.08396839779450233,0.052029970773713775,8,0.10679394786711782,0.058735952798092635,8,3009.0,0.0,8
mlp64_control,row2_hybrid_diverse_half,0,500,0.9199722037041926,0.019940806439803525,8,0.8922334558823529,0.046023453474741724,8,0.9477109515260324,0.011599781913149854,8,0.9820926242046415,0.004966320460417519,8,0.746941883024778,0.027108665707792794,8,0.043720421767355744,0.0062702173019902226,8,0.04065904199667551,0.009157555101734615,8,0.2949711823675898,0.07895355147003784,8,3009.0,0.0,8
mlp64_control,row2_hybrid_diverse_half,0,1000,0.9822894527537227,0.006253504637192383,8,0.9763327205882353,0.015734677474566205,8,0.98824618491921,0.004151813873246713,8,0.9990150837601647,0.00020395897328714826,8,0.9359046181734043,0.01037221805447102,8,0.009154700923913699,0.0017708048385048718,8,0.00862488769097616,0.0037874948242571905,8,0.9181032135020359,0.09969468708927526,8,3009.0,0.0,8
mlp64_control,row2_hybrid_diverse_half,0,2000,0.9916419285959447,0.0038577813257643944,8,0.9869025735294118,0.008008915638348041,8,0.9963812836624776,0.0009703628138152306,8,0.9998355550843542,6.653055930543759e-05,8,0.9762570171429772,0.005017925441010545,8,0.00373788512243419,0.00046807510733055924,8,0.007170898567231191,0.00048304517186117176,8,2.2564846717432374,0.14093865874941672,8,3009.0,0.0,8
mlp64_control,row2_hybrid_diverse_half,0,3500,0.9906733073054177,0.002873505325027859,8,0.9832261029411764,0.005766109509597304,8,0.9981205116696589,0.0007290453508121909,8,0.9998952688542877,2.4008353199593543e-05,8,0.9819515987753991,0.004441539239103369,8,0.0028056714582454126,0.0002631390058170445,8,0.004386801675721611,0.0006193329777422833,8,2.988723526133981,0.7243876311532783,8,3009.0,0.0,8
mlp64_control,row2_hybrid_diverse_half,1000,1000,0.9242573628419052,0.013533812315309169,8,0.9048713235294118,0.02514229001664854,8,0.9436434021543986,0.004417948912398928,8,0.9819628060562757,0.004175163245789271,8,0.7427761915786283,0.02361917165054834,8,0.04386163965218,0.003410139131541696,8,0.0463795132085906,0.004224971413646922,8,0.7437499582520104,0.18108813965790332,8,3009.0,0.0,8
mlp64_control,row2_hybrid_diverse_half,1000,2000,0.989112704945084,0.002858321116994277,8,0.9901194852941176,0.006052035019165734,8,0.9881059245960503,0.0039965227089631935,8,0.999342993831846,0.0002961187272886326,8,0.9433976103173355,0.015000946709938952,8,0.009224550867461639,0.0019775753098301443,8,0.015849291143037406,0.002258145425276536,8,1.9028467241223552,0.3285016533333159,8,3009.0,0.0,8
mlp64_control,row2_hybrid_diverse_half,1000,3500,0.9943010993109093,0.0028757009288291626,8,0.9924172794117647,0.0058492288884916515,8,0.9961849192100539,0.0007956959249802053,8,0.9998778910127785,5.0373125798696086e-05,8,0.9785347248037276,0.004358499706137455,8,0.003347385809190362,0.0004527412679890075,8,0.006393280137821568,0.0007992848385680178,8,3.0843333906159387,0.6471650685774049,8,3009.0,0.0,8
mlp64_control,row2_hybrid_diverse_half,2500,3500,0.988706775068645,0.0017718393588933249,8,0.9937959558823529,0.005465245637675241,8,0.9836175942549371,0.002935852327120596,8,0.9992346530454641,0.00023569786827062414,8,0.9277340287772443,0.008901113956769645,8,0.011653314543899425,0.0013447427462750443,8,0.022390153148534552,0.00223472505615921,8,3.352708104001067,0.5825984538019028,8,3009.0,0.0,8
part_graph_mpnn_v1,baseline_random,0,250,0.8606696852888372,0.004151708615236308,5,0.8566176470588236,0.08735970277356214,5,0.864721723518851,0.08237758428993451,5,0.9482233967420003,0.007889989433565956,5,0.5687044235347127,0.07057449547994894,5,0.09530148960387377,0.045311949328302126,5,0.12714912079725732,0.08103821131429767,5,2.959768099768553,1.5900445954423348,5,34225.0,0.0,5
part_graph_mpnn_v1,baseline_random,0,500,0.8964931618967157,0.016255086435728493,5,0.8860294117647058,0.02975443760337987,5,0.9069569120287253,0.01581029891757839,5,0.9654130006468475,0.009198146611944067,5,0.6449449127493696,0.035233462635585855,5,0.0669080678118129,0.009124173920496814,5,0.08941715512326728,0.01823686637299838,5,7.3646881084190685,1.6567837631232014,5,34225.0,0.0,5
part_graph_mpnn_v1,baseline_random,0,1000,0.9273286513887422,0.0051499870090742274,5,0.9514705882352942,0.022573649166189366,5,0.9031867145421903,0.02159395387213488,5,0.9792179579417045,0.0016681525356953748,5,0.6810598872401018,0.03148453735589018,5,0.06374825862787206,0.010181276880210026,5,0.0955802810235064,0.02005653673151984,5,14.881543924799189,3.2394837136201566,5,34225.0,0.0,5
part_graph_mpnn_v1,baseline_random,0,2000,0.9357145685922484,0.006389034255551786,5,0.9566176470588236,0.020902602547352683,5,0.9148114901256733,0.014591043514479056,5,0.9835359957492871,0.0025222438548508723,5,0.7074683000762042,0.02109990402604731,5,0.05558982141890091,0.006287342281555419,5,0.08572506476809455,0.013909453212568383,5,25.58245286679594,3.9421615564803383,5,34225.0,0.0,5
part_graph_mpnn_v1,baseline_random,0,3500,0.9477228324004647,0.002629858611027365,5,0.9779411764705882,0.007906548958678919,5,0.917504488330341,0.009418277565949856,5,0.9876656721934735,0.0005806176458972867,5,0.7264304972988821,0.016818243121653514,5,0.05216002426438916,0.0048883254689912805,5,0.08458816414154224,0.009605678166370729,5,57.5112646501977,9.974786059383877,5,34225.0,0.0,5
part_graph_mpnn_v1,row1_pure_hybrid,0,250,0.8630681780679058,0.0258436815593362,8,0.8513327205882353,0.07662494962598106,8,0.8748036355475763,0.050313424886622785,8,0.9464370062011564,0.014973037992463783,8,0.5706991127844517,0.055364212219809084,8,0.08990172119742519,0.027504988181275603,8,0.1135846564765054,0.053551073707393135,8,3.3808259480065317,1.1094653606247769,8,34225.0,0.0,8
part_graph_mpnn_v1,row1_pure_hybrid,0,500,0.8868538536936319,0.016278688589348663,8,0.9028033088235294,0.056457106746788284,8,0.8709043985637342,0.0377869417608697,8,0.9545792210931724,0.008013930304652422,8,0.5933630683221249,0.03506906718267947,8,0.08973954092115655,0.01740915209113265,8,0.11133688538484644,0.02932432272477264,8,3.616773015630315,1.5889228539751328,8,34225.0,0.0,8
part_graph_mpnn_v1,row1_pure_hybrid,0,1000,0.953239270910339,0.005640427786164304,8,0.9857536764705882,0.005874962531826984,8,0.9207248653500898,0.010145832195115898,8,0.9826658867092618,0.003974214091383737,8,0.7388297023448296,0.023997037063705002,8,0.0569055059817829,0.008114398122187047,8,0.07110315895195843,0.00870731532961865,8,19.015513979255047,0.26536708213377214,8,34225.0,0.0,8
part_graph_mpnn_v1,row1_pure_hybrid,0,2000,0.9664196159837364,0.004853933848416866,8,0.9517463235294118,0.011363548594232598,8,0.9810929084380611,0.0023159523609235185,8,0.9969723881052646,0.00045441089140439754,8,0.8926994980839184,0.005784322782134497,8,0.019250330331321657,0.001326676449485208,8,0.03296279946742831,0.0024615596837136103,8,39.48319637488021,1.1109484344968845,8,34225.0,0.0,8
part_graph_mpnn_v1,row1_pure_hybrid,0,3500,0.9749237231360228,0.0030023181187915056,8,0.9593290441176471,0.006623297949129,8,0.9905184021543986,0.0015720601846557487,8,0.9988027337562044,0.00012723597969237544,8,0.9349202962506741,0.00578375863120999,8,0.010289038958007366,0.0003491478737115235,8,0.013735445161046769,0.0010987135175320485,8,73.39100209376193,3.9606884597406995,8,34225.0,0.0,8
part_graph_mpnn_v1,row1_pure_hybrid,1000,1000,0.9227906111389799,0.010502501434781786,8,0.9354319852941176,0.029270892612270664,8,0.910149236983842,0.017497473908769032,8,0.9780501360525135,0.0037739792152005143,8,0.6842938938175988,0.025413275280344472,8,0.06103920942654022,0.00877125985859514,8,0.08850771981318437,0.015514747385893122,8,13.46815279648581,3.1990341317068025,8,34225.0,0.0,8
part_graph_mpnn_v1,row1_pure_hybrid,1000,2000,0.9637856096208681,0.005786458357442787,8,0.9880514705882353,0.007860624762130135,8,0.939519748653501,0.007339875876508942,8,0.9913261366036541,0.0026062664597620174,8,0.785551513971318,0.02018902947853516,8,0.03941998643762116,0.005092210632410239,8,0.06031369348970752,0.006290136395907964,8,55.552524765480484,2.279654450170786,8,34225.0,0.0,8
part_graph_mpnn_v1,row1_pure_hybrid,1000,3500,0.9776435358142359,0.00224830847838087,8,0.9772518382352942,0.006363094115789634,8,0.9780352333931778,0.0021067081862116642,8,0.9978135890801563,0.00022238507890791,8,0.8967708031458749,0.004345147671632993,8,0.018365863427334546,0.0007205074852330323,8,0.03400281853574609,0.0025149792891590904,8,112.49590510412963,2.1196391234798226,8,34225.0,0.0,8
part_graph_mpnn_v1,row1_pure_hybrid,2500,3500,0.9629036197064104,0.003519012341047369,8,0.9954044117647058,0.004282958621402312,8,0.9304028276481149,0.006910152261087183,8,0.9925670279332559,0.0011581526712825467,8,0.7672513291801206,0.01610575408463749,8,0.04435032521225153,0.0029234489126850117,8,0.0784844125838031,0.005389984593943137,8,87.140961192752,14.651118875412473,8,34225.0,0.0,8
part_graph_mpnn_v1,row2_hybrid_diverse_half,0,250,0.8746903959631429,0.022174703710053287,8,0.8664981617647058,0.06215097723825062,8,0.8828826301615799,0.028327942618459598,8,0.9510730224119495,0.012389456519213164,8,0.5882431212115561,0.033044691080604656,8,0.08387064689372259,0.013864735248768825,8,0.11041322294934025,0.030852904458044842,8,3.8040659948674147,1.48199481841451,8,34225.0,0.0,8
part_graph_mpnn_v1,row2_hybrid_diverse_half,0,500,0.9095941773814553,0.028911753224210104,8,0.8899356617647058,0.05501066378528465,8,0.9292526929982047,0.024260349299902045,8,0.9738529747976952,0.012358147947104593,8,0.6998821626182897,0.06219732163553518,8,0.052339383124165535,0.014510592772039765,8,0.06127649539730666,0.02575500008713941,8,8.351267145750171,4.174293683437707,8,34225.0,0.0,8
part_graph_mpnn_v1,row2_hybrid_diverse_half,0,1000,0.9712113624062731,0.003749023632558019,8,0.9717371323529411,0.007149057530378663,8,0.9706855924596051,0.004710360874531692,8,0.996188992947381,0.0006808895595992944,8,0.8676971784342261,0.015353410813073237,8,0.022387023843656935,0.0024780967458137987,8,0.03421173511104289,0.005124475450505988,8,24.94225139063201,0.6609437158948924,8,34225.0,0.0,8
part_graph_mpnn_v1,row2_hybrid_diverse_half,0,2000,0.9653596192179745,0.00558687768429267,8,0.9510569852941176,0.011328980564747682,8,0.9796622531418312,0.0019265400365530755,8,0.9966904236026771,0.000514962634217931,8,0.8868192557650524,0.00915507646626987,8,0.02399408544829553,0.0018643006691636532,8,0.04933960896200783,0.005716548003841933,8,46.75822605750727,1.9622128527456126,8,34225.0,0.0,8
part_graph_mpnn_v1,row2_hybrid_diverse_half,0,3500,0.9737253224337311,0.0015450795897503041,8,0.9551930147058824,0.0027682731935803687,8,0.9922576301615799,0.001112423158046789,8,0.9988663665645792,0.00014973285393407793,8,0.9398485536696013,0.005193497546526723,8,0.010036576426358223,0.0005021791905721256,8,0.01401468961109764,0.0007321272846364568,8,72.96162988549622,0.8503756602180622,8,34225.0,0.0,8
part_graph_mpnn_v1,row2_hybrid_diverse_half,1000,1000,0.9246391596921534,0.007630166751176861,8,0.9460018382352942,0.012426311314925782,8,0.9032764811490126,0.011223390319929201,8,0.9777405835819516,0.00284330482144087,8,0.6760384596194147,0.023442454952109563,8,0.06448197786943494,0.006633406874560214,8,0.0949483419552049,0.010142451650934864,8,15.537766338617075,4.336058685564395,8,34225.0,0.0,8
part_graph_mpnn_v1,row2_hybrid_diverse_half,1000,2000,0.966958586901996,0.0034626282142108137,8,0.9823069852941176,0.006659640048800319,8,0.9516101885098743,0.0053268119904040555,8,0.9943157441387687,0.0011134141308141747,8,0.8147326461508951,0.014363369405073845,8,0.03571075795724384,0.002387408646250291,8,0.06881724157671978,0.004379293994622862,8,41.44521856737265,2.768284070748046,8,34225.0,0.0,8
part_graph_mpnn_v1,row2_hybrid_diverse_half,1000,3500,0.9782140653052065,0.001753353446096627,8,0.98046875,0.005193508519318852,8,0.9759593806104129,0.0034692655479527765,8,0.997628569212694,0.0003551778613102762,8,0.8913366851963567,0.010136431862994136,8,0.020126834505174936,0.0015934467831774661,8,0.03829829085917568,0.003124577492980668,8,72.2754241249786,4.452770352025187,8,34225.0,0.0,8
part_graph_mpnn_v1,row2_hybrid_diverse_half,2500,3500,0.962556681671771,0.004103481249427002,8,0.9885110294117647,0.0063488536784331,8,0.9366023339317774,0.010483604357649041,8,0.9933206693387633,0.0005328845086054494,8,0.7788359155286948,0.024618777498554335,8,0.04364711884477051,0.0039064351092083826,8,0.0854478605786502,0.007389017223757296,8,67.25277096887294,8.057411370261578,8,34225.0,0.0,8
wide_mlp_control,baseline_random,0,250,0.8434028144471434,0.056064832244376556,5,0.8404411764705882,0.044922198217958655,5,0.8463644524236983,0.12136614549507978,5,0.9263868858247968,0.04818454693869307,5,0.5409254807293283,0.13302778954442657,5,0.10361413281311316,0.05894883831101197,5,0.13928275003415333,0.11951955254976354,5,0.16217409200035035,0.10296049959831932,5,10113.0,0.0,5
wide_mlp_control,baseline_random,0,500,0.888196351251452,0.019170405844335735,5,0.8654411764705883,0.034227723983641496,5,0.910951526032316,0.020940237744310773,5,0.9626221502402575,0.011722465260840007,5,0.640752469502163,0.04549834500254393,5,0.06553173468688185,0.012504911228222578,5,0.07828347524506449,0.028818337113807737,5,0.3782004500040784,0.1900398315008479,5,10113.0,0.0,5
wide_mlp_control,baseline_random,0,1000,0.9274418497201393,0.007199618266691899,5,0.9496323529411764,0.030912975014085162,5,0.9052513464991023,0.02508069195448453,5,0.9803369052962297,0.0036425508807107062,5,0.6847764183626086,0.03263214391496841,5,0.0637997223645607,0.01412390497413887,5,0.08807652403452412,0.02338903593201773,5,0.8276165667804889,0.4012668662544893,5,10113.0,0.0,5
wide_mlp_control,baseline_random,0,2000,0.9444770435104024,0.005286037204007965,5,0.9709558823529412,0.010349770779602351,5,0.9179982046678635,0.015455929016890423,5,0.9865804698225789,0.0023579023612123424,5,0.7240044467834089,0.03005807691442981,5,0.05354833471654118,0.009269927051600678,5,0.07934358708439766,0.014952352495623903,5,1.7850817083963193,0.5298415711335632,5,10113.0,0.0,5
wide_mlp_control,baseline_random,0,3500,0.9576357719928186,0.00933135206962109,5,0.98125,0.01082843858457586,5,0.9340215439856374,0.008877935567707591,5,0.9907463664325693,0.003301139650568612,5,0.7673375663524846,0.027185480530362197,5,0.04272095622270549,0.0068561466036128425,5,0.06543651847898344,0.00965937500657214,5,4.149702524591703,1.5120374515486747,5,10113.0,0.0,5
wide_mlp_control,row1_pure_hybrid,0,250,0.8524114874854789,0.034619437818175246,8,0.7987132352941176,0.09663794185889252,8,0.9061097396768402,0.03141257264007312,8,0.94492296820546,0.012343166628273797,8,0.5880150571848505,0.02531894908342208,8,0.07679043602839869,0.013685669771972695,8,0.08174964364957416,0.03133050683180809,8,0.15188706750632264,0.05662821029287526,8,10113.0,0.0,8
wide_mlp_control,row1_pure_hybrid,0,500,0.9191042398220509,0.019307083698433574,8,0.9308363970588235,0.03294110466444379,8,0.9073720825852782,0.031213091069718986,8,0.9722788362848506,0.009864509882093826,8,0.6796029241532227,0.06156307314992701,8,0.06778501335964203,0.016941858841867802,8,0.07751289523923197,0.02666005285366631,8,0.3988320938660763,0.19559724783589225,8,10113.0,0.0,8
wide_mlp_control,row1_pure_hybrid,0,1000,0.9721325427051432,0.003025723636602686,8,0.9905790441176471,0.009240283729123874,8,0.9536860412926391,0.007558099943436706,8,0.9949952847779597,0.0009037063498231636,8,0.8262553634422177,0.0182069891744767,8,0.03232239448780604,0.004506700095968224,8,0.04076724180116505,0.006896089053223985,8,1.1051728229867877,0.24381476995026044,8,10113.0,0.0,8
wide_mlp_control,row1_pure_hybrid,0,2000,0.9917436173302355,0.00426247665887259,8,0.9908088235294118,0.009526448081521564,8,0.9926784111310593,0.0013568121553306672,8,0.9996714195664801,7.843069081245798e-05,8,0.9624641509888062,0.003772974896775981,8,0.005913111285952351,0.0006308749981175363,8,0.008759700689748223,0.0019001177531185185,8,2.923616427120578,0.01468468302196007,8,10113.0,0.0,8
wide_mlp_control,row1_pure_hybrid,0,3500,0.9897816229274474,0.004039954685221267,8,0.9825367647058824,0.008677894769883586,8,0.9970264811490126,0.0010845877035161105,8,0.9998374114709843,2.8422659816327274e-05,8,0.9766470690299142,0.00439545048166838,8,0.003679499583050905,0.000389813037110854,8,0.005006601242617202,0.00048767356743591406,8,4.318070995133894,0.7088993649921878,8,10113.0,0.0,8
wide_mlp_control,row1_pure_hybrid,1000,1000,0.9218587050506918,0.014880529965625383,8,0.9312959558823529,0.02867945840661981,8,0.9124214542190305,0.02454896607324178,8,0.9774344860531735,0.006805017006088124,8,0.6884161717543387,0.046190962022912306,8,0.0610419373299078,0.014573084542903732,8,0.08141124362569012,0.02198321131795413,8,0.795293104252778,0.290274994235851,8,10113.0,0.0,8
wide_mlp_control,row1_pure_hybrid,1000,2000,0.9812269808057873,0.002576449036800354,8,0.9958639705882353,0.006037060888956201,8,0.9665899910233393,0.006933020285122689,8,0.9977248950522758,0.0005728184887289816,8,0.8692763195834643,0.020792525089071846,8,0.02117674057602533,0.0036790283093213797,8,0.02964810543203587,0.005937059703030749,8,2.727461693000805,0.40453595754230326,8,10113.0,0.0,8
wide_mlp_control,row1_pure_hybrid,1000,3500,0.9942804727927976,0.001294689007629178,8,0.9942555147058824,0.003018530444478111,8,0.9943054308797128,0.0011871218607761454,8,0.9998175068810065,3.3559025308660476e-05,8,0.9714051877300671,0.004430493477871644,8,0.004431524434302276,0.00047494552768388904,8,0.006919255449478088,0.0012245557364904554,8,5.025027072886587,0.03930957448556214,8,10113.0,0.0,8
wide_mlp_control,row1_pure_hybrid,2500,3500,0.9745580149699018,0.0026209345942972396,8,0.9977022058823529,0.0019027542996572105,8,0.9514138240574506,0.006463151163962749,8,0.9957757922233077,0.001051246257094156,8,0.8239535540153938,0.017301995747214107,8,0.029965644169750266,0.0034992886951831117,8,0.04621678304310456,0.005600608222776228,8,5.157518531254027,0.12289428994491378,8,10113.0,0.0,8
wide_mlp_control,row2_hybrid_diverse_half,0,250,0.8531480604472489,0.04207320476006253,8,0.8269761029411764,0.06722900643746134,8,0.8793200179533214,0.03486105687316814,8,0.9336100191661606,0.03301023076589863,8,0.5573602999826652,0.08067121851283819,8,0.08884048406840475,0.021857728218696967,8,0.11249638329797866,0.044563729026398956,8,0.10774384374235524,0.039536385585607146,8,10113.0,0.0,8
wide_mlp_control,row2_hybrid_diverse_half,0,500,0.9324120567773788,0.027411611519640364,8,0.91015625,0.058415383379863746,8,0.9546678635547576,0.006804775716340603,8,0.9860924412474258,0.005480054112659192,8,0.7777142666359596,0.030827812134179577,8,0.037480968225712216,0.004619134961255823,8,0.03629904145127266,0.0055995253543754675,8,0.5340210673748516,0.10013508281181421,8,10113.0,0.0,8
wide_mlp_control,row2_hybrid_diverse_half,0,1000,0.9855692753986693,0.005893288816985141,8,0.9857536764705882,0.012104070038331432,8,0.9853848743267505,0.0028599744678981165,8,0.9989461396233763,0.0004153593388827121,8,0.9298017764355048,0.011810685984175447,8,0.010566540735953313,0.0013539873369632428,8,0.013076215269225228,0.0025014702273941985,8,1.2333975626170286,0.3025231381003793,8,10113.0,0.0,8
wide_mlp_control,row2_hybrid_diverse_half,0,2000,0.9896815843146056,0.004996357113265788,8,0.9859834558823529,0.011243437250673697,8,0.9933797127468582,0.0018852514013835496,8,0.9996482662998997,0.00018145923181621515,8,0.9627049185051213,0.005735825002646703,8,0.006848991424397881,0.001114243523616187,8,0.01360766928205459,0.002325664389420315,8,3.0613255883581587,0.13257081257605594,8,10113.0,0.0,8
wide_mlp_control,row2_hybrid_diverse_half,0,3500,0.9874671213301299,0.004689557519764876,8,0.9777113970588236,0.009649172042257695,8,0.9972228456014363,0.0006672113166282517,8,0.9998288514659679,4.576322046770107e-05,8,0.9747457913175575,0.005023954306495861,8,0.0036585200063498267,0.00043809925523670363,8,0.004164368290327461,0.0005435401208795118,8,4.631404760621081,0.8013486371638714,8,10113.0,0.0,8
wide_mlp_control,row2_hybrid_diverse_half,1000,1000,0.9224752316770515,0.01551133235458323,8,0.9168198529411765,0.036098881534235065,8,0.9281306104129264,0.01020592998458534,8,0.9791342142781709,0.003539866347321553,8,0.711637523175991,0.020866146549046914,8,0.051594077350109346,0.005213101380273861,8,0.06545472146793509,0.01020178760320471,8,0.8653899480123073,0.2852537214838566,8,10113.0,0.0,8
wide_mlp_control,row2_hybrid_diverse_half,1000,2000,0.9858500023101701,0.0021988771521075272,8,0.9905790441176471,0.004331988363005169,8,0.981120960502693,0.004806373286219822,8,0.9987413182985267,0.0001915244840028201,8,0.9165650366274988,0.016848379315944084,8,0.014573354865187816,0.0015037890061420306,8,0.025961139351769906,0.0029534578603417727,8,3.2438463906291872,0.20232647785136576,8,10113.0,0.0,8
wide_mlp_control,row2_hybrid_diverse_half,1000,3500,0.995165556684972,0.0019221039852090152,8,0.9967830882352942,0.002552812775108119,8,0.9935480251346499,0.0019295719397030675,8,0.9998412789431301,5.8307985968280174e-05,8,0.9696486173620659,0.009005461264499604,8,0.004779506925392069,0.000804351706883467,8,0.008733104572872397,0.0012461183305785759,8,4.992009479392436,0.34774208230881853,8,10113.0,0.0,8
wide_mlp_control,row2_hybrid_diverse_half,2500,3500,0.9722534141012779,0.007583819664563785,8,0.9901194852941176,0.011328980564747699,8,0.9543873429084381,0.006041706587922471,8,0.9952586854142464,0.0016810955912334913,8,0.8277465735294811,0.022094188657705384,8,0.03143726894419169,0.0037996011148199,8,0.056468859664402946,0.0061914267102730885,8,4.9152931249991525,0.6693027485367048,8,10113.0,0.0,8
